"gender","age","survey_score","days_member","days_last_visit","above","group","outcome"
"M",25,9,149,3,TRUE,"A",1
"M",25,9,150,0,TRUE,"A",0
"M",35,8,192,24,TRUE,"A",0
"M",32,8,132,5,TRUE,"A",0
"M",36,9,253,8,TRUE,"A",1
"M",38,8,50,8,TRUE,"A",0
"M",36,8,49,18,TRUE,"A",0
"M",35,7,128,10,TRUE,"A",0
"M",29,8,188,1,TRUE,"A",0
"M",25,8,271,2,TRUE,"A",0
"M",32,6,30,9,TRUE,"A",1
"M",21,7,113,4,TRUE,"A",0
"M",20,8,202,4,TRUE,"A",1
"M",39,8,251,18,TRUE,"A",0
"M",33,9,176,21,TRUE,"A",0
"M",25,8,168,1,TRUE,"A",0
"M",29,7,271,3,TRUE,"A",0
"M",28,8,363,2,TRUE,"A",0
"M",32,8,274,8,TRUE,"A",0
"M",28,8,83,1,TRUE,"A",0
"M",28,7,30,0,TRUE,"A",0
"M",34,9,237,12,TRUE,"A",0
"M",29,8,341,3,TRUE,"A",0
"M",24,8,170,5,TRUE,"A",0
"M",19,8,255,2,TRUE,"A",0
"M",35,9,30,5,TRUE,"A",0
"M",25,8,145,4,TRUE,"A",0
"M",23,8,322,1,TRUE,"A",1
"M",25,9,40,4,TRUE,"A",0
"M",20,9,58,3,TRUE,"A",0
"M",28,8,191,1,TRUE,"A",0
"M",29,8,44,0,TRUE,"A",0
"M",25,6,50,2,TRUE,"A",1
"M",36,8,291,8,TRUE,"A",0
"M",24,8,217,2,TRUE,"A",0
"M",39,9,205,18,TRUE,"A",1
"M",31,7,30,1,TRUE,"A",1
"M",34,8,359,23,TRUE,"A",1
"M",35,7,170,14,TRUE,"A",0
"M",35,8,30,25,TRUE,"A",0
"M",27,8,69,3,TRUE,"A",1
"M",31,9,116,1,TRUE,"A",0
"M",37,7,163,11,TRUE,"A",0
"M",35,7,30,13,TRUE,"A",0
"M",37,8,64,11,TRUE,"A",0
"M",21,8,250,2,TRUE,"A",0
"M",20,7,162,1,TRUE,"A",0
"M",37,10,258,22,TRUE,"A",0
"M",24,10,363,2,TRUE,"A",0
"M",32,8,55,5,TRUE,"A",0
"M",35,7,358,6,TRUE,"A",0
"M",22,8,309,4,TRUE,"A",0
"M",38,7,121,17,TRUE,"A",0
"M",30,9,184,3,TRUE,"A",1
"M",33,7,255,10,TRUE,"A",0
"M",36,7,234,17,TRUE,"A",0
"M",23,8,206,4,TRUE,"A",1
"M",30,8,144,1,TRUE,"A",0
"M",32,7,298,10,TRUE,"A",0
"M",34,8,52,23,TRUE,"A",0
"M",33,8,93,4,TRUE,"A",0
"M",34,8,225,18,TRUE,"A",0
"M",24,9,206,2,TRUE,"A",0
"M",32,8,195,5,TRUE,"A",0
"M",34,8,30,10,TRUE,"A",0
"M",34,7,244,14,TRUE,"A",0
"M",30,8,291,8,TRUE,"A",0
"M",32,8,164,1,TRUE,"A",0
"M",24,8,149,1,TRUE,"A",0
"M",21,9,30,1,TRUE,"A",1
"M",22,8,103,0,TRUE,"A",1
"M",31,7,303,1,TRUE,"A",0
"M",38,9,64,11,TRUE,"A",0
"M",34,8,140,14,TRUE,"A",0
"M",27,8,122,3,TRUE,"A",0
"M",38,8,359,8,TRUE,"A",0
"M",23,9,30,1,TRUE,"A",0
"M",36,8,30,10,TRUE,"A",0
"M",24,7,169,3,TRUE,"A",0
"M",20,8,151,5,TRUE,"A",1
"M",38,6,70,14,TRUE,"A",0
"M",30,7,201,21,TRUE,"A",1
"M",35,9,69,17,TRUE,"A",0
"M",35,7,241,6,TRUE,"A",0
"M",34,8,30,17,TRUE,"A",0
"M",20,8,102,0,TRUE,"A",0
"M",29,8,215,3,TRUE,"A",0
"M",36,8,186,6,TRUE,"A",0
"M",34,8,285,14,TRUE,"A",0
"M",33,8,179,8,TRUE,"A",0
"M",30,7,125,2,TRUE,"A",0
"M",35,7,30,6,TRUE,"A",0
"M",34,8,103,18,TRUE,"A",0
"M",20,8,273,2,TRUE,"A",0
"M",19,8,203,0,TRUE,"A",0
"M",32,8,241,10,TRUE,"A",0
"M",19,8,330,0,TRUE,"A",0
"M",32,7,174,15,TRUE,"A",0
"M",23,8,49,2,TRUE,"A",0
"M",28,8,227,0,TRUE,"A",0
"M",35,9,77,11,TRUE,"A",0
"M",35,9,90,17,TRUE,"A",0
"M",27,8,363,5,TRUE,"A",0
"M",22,9,121,1,TRUE,"A",0
"M",37,9,177,10,TRUE,"A",0
"M",31,8,240,8,TRUE,"A",1
"M",23,9,171,2,TRUE,"A",0
"M",26,8,248,0,TRUE,"A",0
"M",36,7,143,7,TRUE,"A",0
"M",37,8,359,5,TRUE,"A",0
"M",38,7,194,3,TRUE,"A",0
"M",39,8,235,11,TRUE,"A",0
"M",36,8,85,22,TRUE,"A",0
"M",32,8,160,16,TRUE,"A",0
"M",35,8,30,1,TRUE,"A",0
"M",28,8,116,1,TRUE,"A",0
"M",33,9,86,11,TRUE,"A",0
"M",25,8,310,2,TRUE,"A",0
"M",35,8,220,11,TRUE,"A",0
"M",30,7,359,3,TRUE,"A",0
"M",32,8,248,6,TRUE,"A",0
"M",30,8,243,4,TRUE,"A",0
"M",20,8,91,3,TRUE,"A",0
"M",26,10,314,3,TRUE,"A",0
"M",28,8,362,5,TRUE,"A",0
"M",25,8,134,3,TRUE,"A",0
"M",24,8,140,0,TRUE,"A",0
"M",34,8,314,12,TRUE,"A",0
"M",25,8,267,1,TRUE,"A",0
"M",26,7,363,4,TRUE,"A",1
"M",38,8,193,15,TRUE,"A",0
"M",28,9,128,2,TRUE,"A",0
"M",27,10,240,3,TRUE,"A",0
"M",26,8,36,5,TRUE,"A",1
"M",23,9,46,3,TRUE,"A",0
"M",27,9,293,2,TRUE,"A",0
"M",22,8,359,5,TRUE,"A",0
"M",26,8,162,3,TRUE,"A",0
"M",32,8,214,18,TRUE,"A",0
"M",18,8,117,6,TRUE,"A",0
"M",29,8,92,3,TRUE,"A",0
"M",38,8,176,10,TRUE,"A",0
"M",36,7,232,6,TRUE,"A",1
"M",37,9,86,3,TRUE,"A",0
"M",24,9,254,0,TRUE,"A",0
"M",35,8,246,9,TRUE,"A",0
"M",26,9,341,2,TRUE,"A",0
"M",33,8,254,1,TRUE,"A",0
"M",26,9,150,3,TRUE,"A",1
"M",24,8,206,4,TRUE,"A",0
"M",23,8,200,1,TRUE,"A",0
"M",26,7,101,4,TRUE,"A",1
"M",33,8,30,9,TRUE,"A",0
"M",32,7,150,14,TRUE,"A",0
"M",33,7,310,8,TRUE,"A",0
"M",37,9,30,1,TRUE,"A",0
"M",21,9,131,0,TRUE,"A",0
"M",35,8,172,10,TRUE,"A",0
"M",23,8,308,2,TRUE,"A",0
"M",29,8,141,3,TRUE,"A",0
"M",36,8,85,13,TRUE,"A",0
"M",22,7,35,0,TRUE,"A",0
"M",39,9,234,9,TRUE,"A",0
"M",33,8,35,13,TRUE,"A",0
"M",32,8,217,4,TRUE,"A",0
"M",26,8,277,2,TRUE,"A",1
"M",37,9,180,7,TRUE,"A",0
"M",35,8,101,10,TRUE,"A",0
"M",39,6,157,19,TRUE,"A",0
"M",25,8,155,3,TRUE,"A",0
"M",37,9,89,8,TRUE,"A",0
"M",33,8,193,13,TRUE,"A",0
"M",24,7,309,1,TRUE,"A",0
"M",36,8,227,1,TRUE,"A",0
"M",23,7,363,3,TRUE,"A",0
"M",21,9,310,1,TRUE,"A",0
"M",22,8,154,2,TRUE,"A",0
"M",27,7,227,4,TRUE,"A",1
"M",25,7,119,5,TRUE,"A",0
"M",29,8,161,1,TRUE,"A",0
"M",38,8,60,13,TRUE,"A",0
"M",26,8,363,2,TRUE,"A",0
"M",38,9,30,13,TRUE,"A",0
"M",35,8,246,15,TRUE,"A",0
"M",32,7,359,11,TRUE,"A",1
"M",31,7,323,14,TRUE,"A",0
"M",31,9,120,14,TRUE,"A",1
"M",24,8,363,3,TRUE,"A",0
"M",20,9,363,4,TRUE,"A",0
"M",22,9,50,0,TRUE,"A",0
"M",20,10,190,0,TRUE,"A",0
"M",31,8,30,17,TRUE,"A",0
"M",25,8,328,3,TRUE,"A",0
"M",28,7,205,3,TRUE,"A",0
"M",35,8,325,5,TRUE,"A",1
"M",26,8,142,2,TRUE,"A",0
"M",27,8,245,3,TRUE,"A",0
"M",25,7,30,2,TRUE,"A",1
"M",25,8,151,5,TRUE,"A",0
"M",29,9,146,5,TRUE,"A",0
"M",20,9,277,0,TRUE,"A",1
"M",30,10,55,14,TRUE,"A",0
"M",23,9,30,1,TRUE,"A",0
"M",32,7,137,10,TRUE,"A",0
"M",22,8,30,4,TRUE,"A",0
"M",24,7,263,1,TRUE,"A",0
"M",39,9,117,3,TRUE,"A",0
"M",27,8,209,3,TRUE,"A",0
"M",31,7,188,18,TRUE,"A",0
"M",29,9,169,3,TRUE,"A",0
"M",34,8,165,11,TRUE,"A",0
"M",22,8,363,1,TRUE,"A",1
"M",22,7,102,5,TRUE,"A",0
"M",21,8,283,4,TRUE,"A",0
"M",33,7,197,16,TRUE,"A",0
"M",34,8,272,8,TRUE,"A",1
"M",31,7,141,9,TRUE,"A",0
"M",31,8,192,6,TRUE,"A",0
"M",27,7,245,0,TRUE,"A",0
"M",28,8,208,0,TRUE,"A",0
"M",39,8,331,16,TRUE,"A",1
"M",20,8,30,3,TRUE,"A",1
"M",26,7,213,1,TRUE,"A",0
"M",39,7,215,12,TRUE,"A",0
"M",34,9,292,8,TRUE,"A",0
"M",28,9,308,4,TRUE,"A",0
"M",38,8,166,13,TRUE,"A",0
"M",25,6,363,2,TRUE,"A",0
"M",33,7,263,17,TRUE,"A",0
"M",37,9,75,1,TRUE,"A",1
"M",29,7,37,2,TRUE,"A",1
"M",28,8,259,4,TRUE,"A",0
"M",20,8,58,1,TRUE,"A",1
"M",26,8,183,4,TRUE,"A",0
"M",24,7,30,0,TRUE,"A",1
"M",27,9,128,2,TRUE,"A",1
"M",34,8,62,4,TRUE,"A",0
"M",23,9,212,1,TRUE,"A",1
"M",30,7,47,8,TRUE,"A",0
"M",32,7,309,21,TRUE,"A",0
"M",23,8,125,0,TRUE,"A",0
"M",32,9,132,4,TRUE,"A",0
"M",20,9,64,2,TRUE,"A",0
"M",39,7,182,1,TRUE,"A",1
"M",36,8,301,9,TRUE,"A",0
"M",33,8,257,5,TRUE,"A",1
"M",22,8,178,2,TRUE,"A",0
"M",30,8,189,11,TRUE,"A",0
"M",26,8,178,3,TRUE,"A",0
"M",34,9,30,7,TRUE,"A",0
"M",21,8,217,2,TRUE,"A",0
"M",37,8,72,3,TRUE,"A",0
"M",31,8,139,12,TRUE,"A",0
"M",35,9,202,21,TRUE,"A",0
"M",25,7,147,4,TRUE,"A",0
"M",32,8,30,18,TRUE,"A",0
"M",38,8,42,1,TRUE,"A",1
"M",24,9,136,3,TRUE,"A",1
"M",33,9,122,8,TRUE,"A",0
"M",23,8,35,1,TRUE,"A",0
"M",23,8,298,0,TRUE,"A",0
"M",27,7,201,2,TRUE,"A",0
"M",26,8,255,5,TRUE,"A",0
"M",19,7,113,0,TRUE,"A",0
"M",32,8,245,21,TRUE,"A",0
"M",26,9,184,0,TRUE,"A",0
"M",33,6,359,5,TRUE,"A",0
"M",20,8,307,3,TRUE,"A",0
"M",25,9,176,1,TRUE,"A",0
"M",39,9,255,3,TRUE,"A",1
"M",32,7,172,16,TRUE,"A",0
"M",34,8,219,4,TRUE,"A",0
"M",33,8,58,21,TRUE,"A",0
"M",22,9,252,0,TRUE,"A",0
"M",33,7,331,4,TRUE,"A",1
"M",35,7,51,12,TRUE,"A",0
"M",26,8,142,1,TRUE,"A",0
"M",36,7,152,13,TRUE,"A",0
"M",27,8,167,2,TRUE,"A",0
"M",35,8,109,16,TRUE,"A",0
"M",29,7,205,3,TRUE,"A",0
"M",24,8,200,3,TRUE,"A",0
"M",33,8,221,17,TRUE,"A",0
"M",29,8,319,0,TRUE,"A",0
"M",36,7,252,16,TRUE,"A",0
"M",36,8,164,7,TRUE,"A",1
"M",29,7,286,2,TRUE,"A",0
"M",24,8,165,2,TRUE,"A",0
"M",37,8,168,7,TRUE,"A",0
"M",33,8,179,10,TRUE,"A",0
"M",33,8,252,1,TRUE,"A",0
"M",27,7,188,0,TRUE,"A",1
"M",19,8,89,1,TRUE,"A",1
"M",31,9,254,8,TRUE,"A",0
"M",28,10,142,3,TRUE,"A",0
"M",23,8,363,3,TRUE,"A",0
"M",25,8,317,4,TRUE,"A",0
"M",21,7,92,4,TRUE,"A",0
"M",34,9,220,11,TRUE,"A",0
"M",28,8,351,0,TRUE,"A",1
"M",32,9,30,12,TRUE,"A",0
"M",29,8,93,4,TRUE,"A",0
"M",31,7,52,17,TRUE,"A",0
"M",34,9,157,16,TRUE,"A",0
"M",34,8,30,12,TRUE,"A",0
"M",29,7,283,3,TRUE,"A",0
"M",28,8,30,3,TRUE,"A",0
"M",26,8,242,5,TRUE,"A",0
"M",36,7,135,17,TRUE,"A",1
"M",30,8,122,1,TRUE,"A",0
"M",26,7,255,2,TRUE,"A",0
"M",26,9,363,3,TRUE,"A",0
"M",21,9,73,0,TRUE,"A",0
"M",36,8,111,15,TRUE,"A",0
"M",34,8,208,3,TRUE,"A",0
"M",19,8,97,5,TRUE,"A",0
"M",34,9,30,14,TRUE,"A",0
"M",33,8,127,11,TRUE,"A",0
"M",34,8,236,1,TRUE,"A",0
"M",22,9,175,2,TRUE,"A",0
"M",22,9,203,1,TRUE,"A",1
"M",27,9,233,6,TRUE,"A",0
"M",32,6,129,24,TRUE,"A",1
"M",35,8,126,7,TRUE,"A",0
"M",35,9,279,1,TRUE,"A",0
"M",33,7,256,10,TRUE,"A",0
"M",38,8,224,6,TRUE,"A",0
"M",23,9,186,0,TRUE,"A",0
"M",25,8,30,0,TRUE,"A",0
"M",25,7,154,2,TRUE,"A",0
"M",26,7,292,3,TRUE,"A",0
"M",21,8,227,1,TRUE,"A",0
"M",23,7,316,1,TRUE,"A",0
"M",35,8,186,13,TRUE,"A",0
"M",39,7,72,12,TRUE,"A",0
"M",34,8,304,8,TRUE,"A",0
"M",25,8,127,4,TRUE,"A",0
"M",23,6,30,0,TRUE,"A",0
"M",26,9,81,2,TRUE,"A",0
"M",18,8,190,0,TRUE,"A",1
"M",36,9,283,15,TRUE,"A",0
"M",25,8,174,5,TRUE,"A",0
"M",31,7,70,8,TRUE,"A",0
"M",24,9,139,3,TRUE,"A",0
"M",32,8,165,3,TRUE,"A",0
"M",34,7,228,12,TRUE,"A",0
"M",37,8,316,7,TRUE,"A",0
"M",26,9,336,3,TRUE,"A",0
"M",32,9,102,1,TRUE,"A",0
"M",20,9,153,1,TRUE,"A",1
"M",34,7,102,16,TRUE,"A",0
"M",35,7,359,15,TRUE,"A",0
"M",23,8,274,2,TRUE,"A",0
"M",26,9,106,5,TRUE,"A",0
"M",29,7,228,4,TRUE,"A",0
"M",24,8,58,5,TRUE,"A",1
"M",28,7,319,0,TRUE,"A",0
"M",23,8,339,4,TRUE,"A",0
"M",34,8,348,1,TRUE,"A",0
"M",29,7,30,4,TRUE,"A",0
"M",30,9,115,8,TRUE,"A",0
"M",22,8,49,5,TRUE,"A",0
"M",35,8,230,22,TRUE,"A",0
"M",22,8,275,5,TRUE,"A",0
"M",24,7,296,3,TRUE,"A",0
"M",23,8,213,2,TRUE,"A",0
"M",35,8,151,11,TRUE,"A",0
"M",39,9,101,12,TRUE,"A",0
"M",30,7,180,13,TRUE,"A",0
"M",28,9,189,5,TRUE,"A",0
"M",33,8,289,5,TRUE,"A",0
"M",28,8,51,3,TRUE,"A",0
"M",30,8,30,11,TRUE,"A",0
"M",25,8,220,0,TRUE,"A",0
"M",33,7,102,16,TRUE,"A",1
"M",35,9,358,8,TRUE,"A",0
"M",19,9,144,3,TRUE,"A",0
"M",23,7,176,2,TRUE,"A",0
"M",32,8,132,12,TRUE,"A",0
"M",26,8,217,2,TRUE,"A",0
"M",21,7,363,4,TRUE,"A",0
"M",31,8,252,14,TRUE,"A",0
"M",29,8,363,1,TRUE,"A",0
"M",21,8,330,4,TRUE,"A",0
"M",23,8,238,3,TRUE,"A",0
"M",27,6,363,2,TRUE,"A",0
"M",18,8,166,3,TRUE,"A",0
"M",34,8,200,9,TRUE,"A",0
"M",25,7,229,1,TRUE,"A",0
"M",33,8,258,1,TRUE,"A",0
"M",37,7,54,3,TRUE,"A",0
"M",28,7,190,4,TRUE,"A",0
"M",30,8,244,12,TRUE,"A",1
"M",25,7,360,2,TRUE,"A",0
"M",36,8,67,3,TRUE,"A",0
"M",23,7,120,0,TRUE,"A",0
"M",22,8,312,4,TRUE,"A",0
"M",38,7,322,9,TRUE,"A",0
"M",22,8,299,1,TRUE,"A",1
"M",25,8,30,2,TRUE,"A",0
"M",34,8,217,8,TRUE,"A",0
"M",34,7,136,3,TRUE,"A",0
"M",37,7,137,11,TRUE,"A",0
"M",33,7,160,16,TRUE,"A",0
"M",21,9,57,0,TRUE,"A",1
"M",36,8,227,13,TRUE,"A",0
"M",18,7,205,4,TRUE,"A",0
"M",34,9,58,7,TRUE,"A",0
"M",36,8,190,3,TRUE,"A",1
"M",29,7,363,1,TRUE,"A",1
"M",27,8,162,1,TRUE,"A",0
"M",37,8,125,1,TRUE,"A",0
"M",36,9,217,15,TRUE,"B",1
"M",35,7,359,11,TRUE,"B",1
"M",21,9,30,4,TRUE,"B",0
"M",36,7,326,15,TRUE,"B",0
"M",36,8,134,13,TRUE,"B",1
"M",24,9,188,1,TRUE,"B",0
"M",33,7,77,12,TRUE,"B",1
"M",31,8,277,1,TRUE,"B",0
"M",37,8,213,14,TRUE,"B",0
"M",35,8,112,13,TRUE,"B",0
"M",37,9,199,9,TRUE,"B",0
"M",22,7,139,1,TRUE,"B",0
"M",18,9,125,4,TRUE,"B",0
"M",35,10,336,7,TRUE,"B",0
"M",37,7,210,10,TRUE,"B",1
"M",35,9,285,2,TRUE,"B",0
"M",33,8,137,17,TRUE,"B",0
"M",30,6,359,19,TRUE,"B",0
"M",37,8,242,6,TRUE,"B",0
"M",33,8,160,6,TRUE,"B",0
"M",34,7,56,10,TRUE,"B",1
"M",24,7,214,2,TRUE,"B",0
"M",36,8,359,4,TRUE,"B",0
"M",34,8,158,10,TRUE,"B",0
"M",23,8,119,0,TRUE,"B",0
"M",33,7,158,10,TRUE,"B",0
"M",34,7,90,4,TRUE,"B",0
"M",35,9,225,8,TRUE,"B",1
"M",37,9,92,10,TRUE,"B",0
"M",24,9,51,4,TRUE,"B",0
"M",23,9,215,1,TRUE,"B",0
"M",34,8,140,14,TRUE,"B",0
"M",19,7,149,3,TRUE,"B",0
"M",25,10,328,0,TRUE,"B",0
"M",32,9,140,11,TRUE,"B",0
"M",32,8,252,4,TRUE,"B",0
"M",21,9,30,2,TRUE,"B",0
"M",32,9,160,8,TRUE,"B",0
"M",22,9,284,0,TRUE,"B",0
"M",21,9,132,4,TRUE,"B",1
"M",29,8,363,1,TRUE,"B",0
"M",23,9,133,0,TRUE,"B",0
"M",36,9,61,1,TRUE,"B",1
"M",26,7,186,0,TRUE,"B",0
"M",36,8,108,18,TRUE,"B",1
"M",35,8,159,12,TRUE,"B",0
"M",29,8,74,0,TRUE,"B",1
"M",35,7,30,14,TRUE,"B",0
"M",32,8,291,12,TRUE,"B",0
"M",35,9,30,11,TRUE,"B",0
"M",20,8,76,2,TRUE,"B",0
"M",28,7,323,4,TRUE,"B",0
"M",34,7,80,11,TRUE,"B",0
"M",20,8,287,1,TRUE,"B",0
"M",28,10,99,5,TRUE,"B",0
"M",32,8,84,4,TRUE,"B",0
"M",34,7,151,11,TRUE,"B",0
"M",39,8,220,10,TRUE,"B",0
"M",35,8,128,3,TRUE,"B",0
"M",35,8,275,9,TRUE,"B",0
"M",37,8,359,13,TRUE,"B",0
"M",32,8,223,4,TRUE,"B",0
"M",35,7,310,6,TRUE,"B",0
"M",38,8,110,14,TRUE,"B",0
"M",27,8,219,1,TRUE,"B",0
"M",24,8,114,4,TRUE,"B",0
"M",25,8,232,3,TRUE,"B",0
"M",21,7,111,3,TRUE,"B",0
"M",24,9,111,4,TRUE,"B",0
"M",26,8,147,2,TRUE,"B",0
"M",39,8,39,22,TRUE,"B",0
"M",28,8,106,0,TRUE,"B",0
"M",33,6,310,12,TRUE,"B",0
"M",24,7,288,2,TRUE,"B",0
"M",24,7,224,0,TRUE,"B",0
"M",21,9,268,0,TRUE,"B",0
"M",32,8,184,9,TRUE,"B",1
"M",21,7,324,2,TRUE,"B",1
"M",18,9,264,2,TRUE,"B",0
"M",33,9,222,14,TRUE,"B",0
"M",26,7,141,0,TRUE,"B",0
"M",27,8,58,1,TRUE,"B",0
"M",28,8,116,3,TRUE,"B",0
"M",39,8,315,23,TRUE,"B",0
"M",32,7,180,3,TRUE,"B",0
"M",34,8,250,5,TRUE,"B",0
"M",35,8,291,16,TRUE,"B",1
"M",25,7,170,1,TRUE,"B",0
"M",39,8,113,12,TRUE,"B",0
"M",32,9,30,9,TRUE,"B",0
"M",33,7,251,7,TRUE,"B",0
"M",32,8,241,19,TRUE,"B",0
"M",30,8,168,2,TRUE,"B",0
"M",32,8,138,8,TRUE,"B",0
"M",34,9,153,15,TRUE,"B",0
"M",29,8,32,3,TRUE,"B",0
"M",27,7,107,3,TRUE,"B",0
"M",35,9,119,19,TRUE,"B",0
"M",31,8,175,1,TRUE,"B",0
"M",23,9,244,2,TRUE,"B",0
"M",23,8,191,2,TRUE,"B",0
"M",25,9,280,3,TRUE,"B",0
"M",36,8,58,7,TRUE,"B",0
"M",35,9,134,13,TRUE,"B",0
"M",27,8,63,1,TRUE,"B",1
"M",27,8,193,7,TRUE,"B",0
"M",35,8,260,11,TRUE,"B",0
"M",31,7,67,1,TRUE,"B",0
"M",37,8,263,9,TRUE,"B",0
"M",36,8,359,8,TRUE,"B",0
"M",36,7,180,7,TRUE,"B",0
"M",31,7,328,11,TRUE,"B",0
"M",37,9,174,1,TRUE,"B",0
"M",19,9,363,2,TRUE,"B",0
"M",33,7,208,11,TRUE,"B",0
"M",36,9,333,3,TRUE,"B",1
"M",22,8,287,0,TRUE,"B",0
"M",32,8,359,6,TRUE,"B",0
"M",18,7,147,1,TRUE,"B",0
"M",33,7,359,16,TRUE,"B",0
"M",33,7,314,18,TRUE,"B",0
"M",33,7,114,13,TRUE,"B",0
"M",34,7,222,11,TRUE,"B",0
"M",22,8,33,3,TRUE,"B",0
"M",23,7,72,4,TRUE,"B",0
"M",33,10,139,1,TRUE,"B",0
"M",31,7,299,9,TRUE,"B",0
"M",32,8,112,5,TRUE,"B",0
"M",24,7,30,4,TRUE,"B",0
"M",33,8,256,4,TRUE,"B",0
"M",18,7,62,1,TRUE,"B",0
"M",24,8,305,0,TRUE,"B",0
"M",23,8,94,4,TRUE,"B",1
"M",31,9,72,21,TRUE,"B",0
"M",18,8,192,2,TRUE,"B",0
"M",33,8,137,8,TRUE,"B",0
"M",31,8,205,17,TRUE,"B",0
"M",37,8,30,9,TRUE,"B",0
"M",32,7,117,1,TRUE,"B",0
"M",33,7,137,15,TRUE,"B",0
"M",38,7,107,4,TRUE,"B",0
"M",35,8,300,7,TRUE,"B",0
"M",30,8,249,13,TRUE,"B",0
"M",35,7,157,4,TRUE,"B",0
"M",38,8,167,9,TRUE,"B",0
"M",29,8,49,3,TRUE,"B",0
"M",30,7,154,9,TRUE,"B",0
"M",33,8,189,1,TRUE,"B",1
"M",33,8,161,6,TRUE,"B",0
"M",37,8,283,14,TRUE,"B",0
"M",34,9,354,9,TRUE,"B",0
"M",35,8,129,20,TRUE,"B",0
"M",35,9,66,8,TRUE,"B",0
"M",24,8,52,2,TRUE,"B",0
"M",33,8,141,10,TRUE,"B",1
"M",20,8,145,1,TRUE,"B",0
"M",32,8,59,5,TRUE,"B",1
"M",32,8,211,17,TRUE,"B",0
"M",29,9,238,0,TRUE,"B",0
"M",36,8,259,1,TRUE,"B",0
"M",34,8,240,6,TRUE,"B",0
"M",35,8,70,16,TRUE,"B",0
"M",34,8,228,9,TRUE,"B",0
"M",35,9,237,8,TRUE,"B",0
"M",32,7,359,6,TRUE,"B",0
"M",37,9,200,4,TRUE,"B",0
"M",29,9,258,3,TRUE,"B",0
"M",24,8,209,3,TRUE,"B",0
"M",36,8,303,9,TRUE,"B",0
"M",28,7,57,2,TRUE,"B",0
"M",32,9,178,14,TRUE,"B",0
"M",30,8,276,3,TRUE,"B",0
"M",37,7,30,4,TRUE,"B",0
"M",33,7,87,10,TRUE,"B",0
"M",36,8,211,11,TRUE,"B",0
"M",23,8,175,0,TRUE,"B",0
"M",35,8,88,5,TRUE,"B",1
"M",33,8,30,16,TRUE,"B",0
"M",31,8,30,5,TRUE,"B",0
"M",28,7,122,0,TRUE,"B",0
"M",22,8,200,0,TRUE,"B",0
"M",25,8,247,0,TRUE,"B",0
"M",35,9,191,15,TRUE,"B",0
"M",37,8,299,13,TRUE,"B",0
"M",36,8,163,15,TRUE,"B",0
"M",33,7,55,19,TRUE,"B",0
"M",25,8,155,5,TRUE,"B",0
"M",30,7,137,13,TRUE,"B",0
"M",35,10,129,10,TRUE,"B",0
"M",32,8,279,9,TRUE,"B",1
"M",32,8,90,13,TRUE,"B",0
"M",25,9,53,2,TRUE,"B",0
"M",34,8,276,15,TRUE,"B",0
"M",33,8,51,10,TRUE,"B",0
"M",34,8,157,10,TRUE,"B",0
"M",36,6,242,9,TRUE,"B",0
"M",37,8,283,14,TRUE,"B",0
"M",39,6,191,2,TRUE,"B",1
"M",30,7,100,6,TRUE,"B",1
"M",34,9,154,11,TRUE,"B",1
"M",32,9,88,6,TRUE,"B",0
"M",39,8,155,15,TRUE,"B",0
"M",37,8,97,1,TRUE,"B",0
"M",36,7,254,13,TRUE,"B",0
"M",26,8,156,0,TRUE,"B",0
"M",33,8,160,9,TRUE,"B",0
"M",24,7,183,4,TRUE,"B",0
"M",29,8,58,5,TRUE,"B",0
"M",33,8,193,13,TRUE,"B",1
"M",22,8,218,0,TRUE,"B",0
"M",29,8,284,2,TRUE,"B",0
"M",33,7,143,11,TRUE,"B",0
"M",29,7,63,4,TRUE,"B",1
"M",32,8,277,2,TRUE,"B",0
"M",25,7,30,1,TRUE,"B",0
"M",33,9,127,14,TRUE,"B",0
"M",26,8,30,3,TRUE,"B",0
"M",23,8,363,4,TRUE,"B",1
"M",35,8,201,15,TRUE,"B",0
"M",36,8,253,13,TRUE,"B",0
"M",30,7,329,9,TRUE,"B",0
"M",24,7,289,0,TRUE,"B",0
"M",34,8,101,15,TRUE,"B",0
"M",34,8,30,5,TRUE,"B",0
"M",34,9,139,16,TRUE,"B",0
"M",37,8,51,1,TRUE,"B",0
"M",34,10,236,1,TRUE,"B",0
"M",37,7,227,16,TRUE,"B",1
"M",32,7,218,26,TRUE,"B",0
"M",30,7,184,11,TRUE,"B",1
"M",33,8,188,21,TRUE,"B",0
"M",36,9,164,16,TRUE,"B",0
"M",22,8,86,2,TRUE,"B",0
"M",33,8,30,7,TRUE,"B",0
"M",35,8,86,1,TRUE,"B",0
"M",32,7,109,8,TRUE,"B",0
"M",36,8,124,9,TRUE,"B",1
"M",35,8,30,17,TRUE,"B",0
"M",33,8,167,8,TRUE,"B",0
"M",21,7,186,1,TRUE,"B",0
"M",32,7,44,10,TRUE,"B",0
"M",36,8,286,13,TRUE,"B",0
"M",21,9,151,1,TRUE,"B",0
"M",34,8,93,5,TRUE,"B",0
"M",31,8,216,11,TRUE,"B",0
"M",20,8,305,1,TRUE,"B",0
"M",30,9,259,21,TRUE,"B",1
"M",31,10,74,16,TRUE,"B",0
"M",28,7,172,3,TRUE,"B",0
"M",37,9,139,7,TRUE,"B",0
"M",31,10,135,11,TRUE,"B",1
"M",37,7,131,14,TRUE,"B",1
"M",33,7,219,16,TRUE,"B",0
"M",29,9,44,0,TRUE,"B",0
"M",23,8,302,4,TRUE,"B",0
"M",34,8,311,11,TRUE,"B",0
"M",36,9,86,15,TRUE,"B",0
"M",32,7,197,18,TRUE,"B",0
"M",38,8,106,9,TRUE,"B",0
"M",34,7,253,1,TRUE,"B",0
"M",29,8,182,2,TRUE,"B",0
"M",28,9,242,4,TRUE,"B",0
"M",37,8,30,10,TRUE,"B",1
"M",32,7,65,14,TRUE,"B",0
"M",33,9,359,13,TRUE,"B",1
"M",25,8,118,4,TRUE,"B",0
"M",33,7,224,10,TRUE,"B",0
"M",39,9,83,12,TRUE,"B",0
"M",27,8,214,1,TRUE,"B",0
"M",25,9,363,3,TRUE,"B",0
"M",27,8,267,5,TRUE,"B",0
"M",24,8,180,4,TRUE,"B",0
"M",23,8,120,2,TRUE,"B",0
"M",35,8,125,1,TRUE,"B",0
"M",35,9,154,3,TRUE,"B",0
"M",26,7,30,3,TRUE,"B",0
"M",33,9,105,14,TRUE,"B",0
"M",35,9,276,13,TRUE,"B",0
"M",35,7,257,4,TRUE,"B",0
"M",34,10,142,1,TRUE,"B",0
"M",39,7,46,1,TRUE,"B",0
"M",33,9,359,5,TRUE,"B",0
"M",31,8,259,13,TRUE,"B",0
"M",35,7,268,6,TRUE,"B",1
"M",24,8,361,5,TRUE,"B",0
"M",36,7,254,24,TRUE,"B",0
"M",22,7,263,6,TRUE,"B",0
"M",35,8,246,21,TRUE,"B",0
"M",29,7,303,4,TRUE,"B",0
"M",32,10,119,12,TRUE,"B",0
"M",23,7,95,4,TRUE,"B",0
"M",29,9,249,1,TRUE,"B",0
"M",23,8,262,0,TRUE,"B",0
"M",31,8,261,7,TRUE,"B",1
"M",20,9,363,2,TRUE,"B",0
"M",20,8,363,1,TRUE,"B",0
"M",24,8,251,3,TRUE,"B",0
"M",32,10,234,6,TRUE,"B",0
"M",35,8,359,15,TRUE,"B",0
"M",37,8,139,25,TRUE,"B",0
"M",38,7,243,15,TRUE,"B",0
"M",25,8,157,3,TRUE,"B",0
"M",36,8,236,5,TRUE,"B",0
"M",30,7,254,1,TRUE,"B",0
"M",31,8,113,10,TRUE,"B",0
"M",35,7,244,10,TRUE,"B",1
"M",23,7,154,3,TRUE,"B",0
"M",36,8,182,15,TRUE,"B",0
"M",36,8,192,9,TRUE,"B",0
"M",29,8,180,4,TRUE,"B",0
"M",25,8,220,2,TRUE,"B",1
"M",30,8,119,7,TRUE,"B",1
"M",35,8,244,18,TRUE,"B",0
"M",32,8,212,1,TRUE,"B",0
"M",25,8,185,4,TRUE,"B",0
"M",38,8,170,10,TRUE,"B",0
"M",37,8,235,7,TRUE,"B",0
"M",24,8,46,2,TRUE,"B",0
"M",21,8,129,0,TRUE,"B",0
"M",37,8,140,3,TRUE,"B",0
"M",36,8,177,2,TRUE,"B",1
"M",32,8,209,3,TRUE,"B",0
"M",34,8,48,12,TRUE,"B",0
"M",35,8,153,3,TRUE,"B",0
"M",33,8,134,13,TRUE,"B",0
"M",36,7,181,12,TRUE,"B",0
"M",39,8,284,12,TRUE,"B",0
"M",34,8,30,13,TRUE,"B",0
"M",38,7,334,4,TRUE,"B",0
"M",33,7,30,7,TRUE,"B",0
"M",36,9,30,1,TRUE,"B",0
"M",22,7,194,5,TRUE,"B",0
"M",35,7,300,2,TRUE,"B",1
"M",26,8,330,2,TRUE,"B",0
"M",33,8,129,22,TRUE,"B",0
"M",32,7,68,3,TRUE,"B",0
"M",36,7,59,15,TRUE,"B",0
"M",32,8,300,8,TRUE,"B",0
"M",33,8,309,18,TRUE,"B",0
"M",33,8,359,1,TRUE,"B",0
"M",21,7,363,0,TRUE,"B",0
"M",32,7,359,11,TRUE,"B",1
"M",26,7,356,2,TRUE,"B",0
"M",21,8,163,4,TRUE,"B",0
"M",21,9,118,3,TRUE,"B",0
"M",35,8,30,14,TRUE,"B",0
"M",34,8,214,10,TRUE,"B",1
"M",29,8,137,0,TRUE,"B",0
"M",32,7,239,3,TRUE,"B",0
"M",32,7,359,8,TRUE,"B",0
"M",36,8,282,19,TRUE,"B",1
"M",26,7,136,5,TRUE,"B",0
"M",39,7,30,8,TRUE,"B",0
"M",23,8,94,1,TRUE,"B",0
"M",26,8,355,2,TRUE,"B",0
"M",27,8,150,1,TRUE,"B",0
"M",29,7,167,0,TRUE,"B",0
"M",30,8,219,2,TRUE,"B",0
"M",18,9,113,1,TRUE,"B",0
"M",38,7,166,13,TRUE,"B",0
"M",32,9,231,16,TRUE,"B",0
"M",30,8,168,10,TRUE,"B",0
"M",34,8,248,13,TRUE,"B",0
"M",21,8,122,4,TRUE,"B",0
"M",24,9,363,2,TRUE,"B",0
"M",32,7,282,12,TRUE,"B",0
"M",35,9,208,1,TRUE,"B",1
"M",34,9,267,16,TRUE,"B",1
"M",25,7,263,3,TRUE,"B",0
"M",37,8,359,8,TRUE,"B",0
"M",27,8,136,4,TRUE,"B",0
"M",34,7,116,17,TRUE,"B",1
"M",24,9,72,0,TRUE,"B",0
"M",33,8,157,8,TRUE,"B",0
"M",37,7,259,6,TRUE,"B",0
"M",34,9,199,9,TRUE,"B",0
"M",33,7,30,9,TRUE,"B",0
"M",25,7,306,2,TRUE,"B",0
"M",33,8,136,27,TRUE,"B",0
"M",35,8,135,1,TRUE,"B",0
"M",35,7,127,8,TRUE,"B",0
"M",37,8,261,1,TRUE,"B",0
"M",22,8,335,2,TRUE,"B",0
"M",30,8,153,4,TRUE,"B",0
"M",28,8,86,5,TRUE,"B",0
"M",38,7,233,17,TRUE,"B",0
"M",36,9,314,8,TRUE,"B",0
"M",28,8,241,0,TRUE,"B",0
"M",36,8,191,18,TRUE,"B",1
"M",34,8,30,1,TRUE,"B",0
"M",37,8,227,11,TRUE,"B",1
"M",35,9,181,8,TRUE,"B",0
"M",29,7,202,3,TRUE,"B",0
"M",23,7,131,1,TRUE,"B",0
"M",34,7,352,1,TRUE,"B",0
"M",34,7,166,5,TRUE,"B",0
"M",23,9,30,1,TRUE,"B",0
"M",33,7,163,19,TRUE,"B",1
"M",35,7,283,8,TRUE,"B",0
"M",27,8,85,3,TRUE,"B",0
"M",33,8,112,9,TRUE,"B",0
"M",32,8,327,1,TRUE,"B",0
"M",33,8,334,15,TRUE,"B",0
"M",39,9,153,1,TRUE,"B",0
"M",35,10,354,10,TRUE,"B",0
"M",19,9,192,4,TRUE,"B",0
"M",26,7,30,0,TRUE,"B",0
"M",33,8,65,13,TRUE,"B",0
"M",31,6,359,13,TRUE,"B",0
"M",22,8,325,3,TRUE,"B",0
"M",35,10,233,20,TRUE,"B",0
"M",39,8,127,13,TRUE,"B",0
"M",50,3,65,65,FALSE,"A",0
"M",43,3,67,22,FALSE,"A",0
"M",62,1,192,103,FALSE,"A",0
"M",43,3,53,45,FALSE,"A",0
"M",55,2,305,101,FALSE,"A",0
"M",58,2,147,147,FALSE,"A",0
"M",58,1,116,96,FALSE,"A",0
"M",42,3,77,36,FALSE,"A",0
"M",41,3,279,44,FALSE,"A",0
"M",65,2,243,61,FALSE,"A",0
"M",61,2,334,113,FALSE,"A",0
"M",57,2,216,61,FALSE,"A",0
"M",59,2,103,82,FALSE,"A",0
"M",62,2,135,135,FALSE,"A",0
"M",36,2,133,15,FALSE,"A",0
"M",60,2,242,27,FALSE,"A",0
"M",41,3,30,30,FALSE,"A",0
"M",51,2,340,179,FALSE,"A",0
"M",45,4,303,40,FALSE,"A",0
"M",45,2,50,39,FALSE,"A",0
"M",46,3,181,23,FALSE,"A",0
"M",42,3,301,31,FALSE,"A",0
"M",39,3,30,25,FALSE,"A",1
"M",55,2,136,136,FALSE,"A",0
"M",38,3,30,30,FALSE,"A",0
"M",62,2,233,156,FALSE,"A",0
"M",53,1,167,65,FALSE,"A",0
"M",48,2,125,8,FALSE,"A",0
"M",37,3,194,46,FALSE,"A",0
"M",49,3,205,52,FALSE,"A",0
"M",58,2,229,25,FALSE,"A",0
"M",57,1,219,46,FALSE,"A",0
"M",62,1,30,30,FALSE,"A",0
"M",48,2,278,47,FALSE,"A",0
"M",43,3,202,5,FALSE,"A",1
"M",58,1,30,30,FALSE,"A",0
"M",39,3,361,31,FALSE,"A",0
"M",56,2,30,18,FALSE,"A",0
"M",59,1,132,132,FALSE,"A",0
"M",57,2,309,125,FALSE,"A",0
"M",45,2,142,50,FALSE,"A",1
"M",44,4,292,33,FALSE,"A",0
"M",51,2,314,89,FALSE,"A",0
"M",65,2,227,104,FALSE,"A",0
"M",44,3,36,36,FALSE,"A",0
"M",60,2,274,57,FALSE,"A",0
"M",51,1,33,33,FALSE,"A",0
"M",60,2,30,30,FALSE,"A",0
"M",43,3,227,30,FALSE,"A",0
"M",58,1,264,124,FALSE,"A",0
"M",41,3,200,29,FALSE,"A",0
"M",61,1,189,125,FALSE,"A",0
"M",60,2,128,82,FALSE,"A",0
"M",50,2,238,32,FALSE,"A",0
"M",45,3,161,68,FALSE,"A",0
"M",57,1,112,112,FALSE,"A",1
"M",51,1,150,44,FALSE,"A",0
"M",44,3,104,47,FALSE,"A",1
"M",60,3,107,107,FALSE,"A",0
"M",58,2,94,82,FALSE,"A",0
"M",36,2,253,19,FALSE,"A",0
"M",53,2,212,112,FALSE,"A",0
"M",39,3,186,63,FALSE,"A",0
"M",48,4,45,45,FALSE,"A",0
"M",47,3,53,37,FALSE,"A",0
"M",44,4,151,45,FALSE,"A",0
"M",60,1,30,30,FALSE,"A",0
"M",55,2,163,28,FALSE,"A",0
"M",41,3,301,12,FALSE,"A",0
"M",65,2,91,74,FALSE,"A",0
"M",62,1,261,123,FALSE,"A",0
"M",45,3,55,39,FALSE,"A",0
"M",39,3,212,26,FALSE,"A",0
"M",40,2,295,48,FALSE,"A",0
"M",44,4,194,27,FALSE,"A",0
"M",64,2,105,105,FALSE,"A",0
"M",54,2,81,81,FALSE,"A",0
"M",56,2,163,82,FALSE,"A",0
"M",36,4,111,41,FALSE,"A",0
"M",50,3,76,20,FALSE,"A",0
"M",65,1,362,63,FALSE,"A",0
"M",59,1,30,30,FALSE,"A",0
"M",43,3,166,59,FALSE,"A",0
"M",61,1,51,3,FALSE,"A",0
"M",41,3,238,19,FALSE,"A",0
"M",39,3,30,30,FALSE,"A",0
"M",42,4,258,38,FALSE,"A",0
"M",50,4,121,9,FALSE,"A",0
"M",36,3,192,29,FALSE,"A",0
"M",51,2,137,9,FALSE,"A",0
"M",43,3,74,22,FALSE,"A",0
"M",65,3,223,82,FALSE,"A",0
"M",64,2,189,10,FALSE,"A",0
"M",53,1,132,81,FALSE,"A",0
"M",42,3,174,58,FALSE,"A",0
"M",58,1,138,7,FALSE,"A",0
"M",56,2,215,104,FALSE,"A",0
"M",61,1,228,16,FALSE,"A",0
"M",39,3,30,27,FALSE,"A",1
"M",59,2,198,77,FALSE,"A",0
"M",38,2,176,42,FALSE,"A",0
"M",59,1,318,115,FALSE,"A",0
"M",64,1,42,32,FALSE,"A",0
"M",46,4,219,47,FALSE,"A",0
"M",63,1,296,58,FALSE,"A",0
"M",41,2,361,31,FALSE,"A",0
"M",49,4,207,26,FALSE,"A",0
"M",60,1,114,57,FALSE,"A",0
"M",41,3,361,36,FALSE,"A",0
"M",50,3,346,16,FALSE,"A",0
"M",58,2,78,78,FALSE,"A",0
"M",56,3,170,49,FALSE,"A",0
"M",51,1,248,118,FALSE,"A",0
"M",59,2,188,52,FALSE,"A",0
"M",54,2,305,87,FALSE,"A",0
"M",47,4,197,23,FALSE,"A",0
"M",42,3,360,62,FALSE,"A",0
"M",42,3,30,30,FALSE,"A",0
"M",56,2,66,66,FALSE,"A",0
"M",61,2,204,64,FALSE,"A",0
"M",40,3,114,30,FALSE,"A",0
"M",57,2,116,81,FALSE,"A",0
"M",44,3,224,39,FALSE,"A",0
"M",59,1,312,101,FALSE,"A",0
"M",50,4,83,31,FALSE,"A",0
"M",46,4,127,58,FALSE,"A",0
"M",47,4,179,16,FALSE,"A",0
"M",48,3,256,36,FALSE,"A",1
"M",62,2,96,96,FALSE,"A",0
"M",45,4,282,38,FALSE,"A",0
"M",58,3,287,3,FALSE,"A",0
"M",44,3,188,32,FALSE,"A",0
"M",56,2,180,127,FALSE,"A",0
"M",43,3,175,47,FALSE,"A",0
"M",54,2,291,114,FALSE,"A",0
"M",53,1,136,88,FALSE,"A",0
"M",59,2,30,30,FALSE,"A",0
"M",62,1,321,131,FALSE,"A",0
"M",59,3,257,64,FALSE,"A",0
"M",37,3,312,35,FALSE,"A",0
"M",40,3,175,7,FALSE,"A",0
"M",45,3,47,25,FALSE,"A",0
"M",50,3,119,46,FALSE,"A",0
"M",49,3,234,19,FALSE,"A",0
"M",62,2,164,94,FALSE,"A",1
"M",59,2,133,84,FALSE,"A",0
"M",59,2,103,55,FALSE,"A",0
"M",46,2,30,2,FALSE,"A",0
"M",55,2,243,3,FALSE,"A",0
"M",63,1,99,99,FALSE,"A",0
"M",53,1,30,30,FALSE,"A",1
"M",48,3,82,40,FALSE,"A",0
"M",41,3,340,43,FALSE,"A",0
"M",47,4,30,28,FALSE,"A",0
"M",65,1,198,50,FALSE,"A",1
"M",57,1,96,43,FALSE,"A",1
"M",38,3,232,40,FALSE,"A",0
"M",45,3,214,36,FALSE,"A",0
"M",49,4,30,30,FALSE,"A",1
"M",63,2,159,99,FALSE,"A",0
"M",42,4,361,0,FALSE,"A",0
"M",57,1,305,19,FALSE,"A",1
"M",65,1,88,88,FALSE,"A",0
"M",40,3,40,40,FALSE,"A",0
"M",42,3,171,36,FALSE,"A",0
"M",61,3,174,77,FALSE,"A",0
"M",38,4,30,30,FALSE,"A",0
"M",47,3,205,42,FALSE,"A",0
"M",42,3,118,37,FALSE,"A",0
"M",44,3,30,28,FALSE,"A",0
"M",43,3,91,39,FALSE,"A",0
"M",39,3,162,23,FALSE,"A",0
"M",43,2,223,22,FALSE,"A",0
"M",60,1,164,40,FALSE,"A",1
"M",43,3,293,70,FALSE,"A",0
"M",46,4,127,28,FALSE,"A",0
"M",58,3,268,127,FALSE,"A",1
"M",40,3,236,11,FALSE,"A",0
"M",46,3,249,37,FALSE,"A",0
"M",45,3,204,42,FALSE,"A",0
"M",51,1,351,117,FALSE,"A",0
"M",56,1,314,104,FALSE,"A",0
"M",60,2,213,111,FALSE,"A",0
"M",45,4,286,19,FALSE,"A",0
"M",41,4,312,44,FALSE,"A",0
"M",56,3,240,98,FALSE,"A",0
"M",56,2,247,71,FALSE,"A",0
"M",44,3,326,35,FALSE,"A",0
"M",61,2,273,100,FALSE,"A",0
"M",40,3,122,38,FALSE,"A",0
"M",51,1,345,32,FALSE,"A",0
"M",45,4,30,19,FALSE,"A",0
"M",40,4,99,61,FALSE,"A",0
"M",53,2,162,97,FALSE,"A",0
"M",60,3,237,48,FALSE,"A",0
"M",54,1,115,113,FALSE,"A",0
"M",47,2,269,28,FALSE,"A",0
"M",56,2,202,125,FALSE,"A",0
"M",50,3,30,30,FALSE,"A",0
"M",43,3,101,40,FALSE,"A",0
"M",54,2,250,77,FALSE,"A",0
"M",44,3,54,52,FALSE,"A",0
"M",43,3,316,34,FALSE,"A",0
"M",61,1,69,36,FALSE,"A",0
"M",60,1,157,68,FALSE,"A",0
"M",39,3,137,22,FALSE,"A",0
"M",48,2,242,20,FALSE,"A",0
"M",56,1,171,67,FALSE,"A",0
"M",44,4,30,30,FALSE,"A",0
"M",61,2,129,129,FALSE,"A",0
"M",64,1,188,101,FALSE,"A",0
"M",50,2,151,47,FALSE,"A",0
"M",58,2,191,74,FALSE,"A",0
"M",54,2,39,39,FALSE,"A",1
"M",65,2,223,90,FALSE,"A",0
"M",61,1,141,141,FALSE,"A",0
"M",43,2,73,9,FALSE,"A",0
"M",65,1,98,98,FALSE,"A",0
"M",44,4,167,35,FALSE,"A",0
"M",65,2,154,71,FALSE,"A",0
"M",62,2,109,60,FALSE,"A",0
"M",44,3,174,35,FALSE,"A",1
"M",53,2,255,63,FALSE,"A",0
"M",61,2,35,35,FALSE,"A",0
"M",42,3,30,30,FALSE,"A",0
"M",42,3,201,48,FALSE,"A",0
"M",40,2,100,36,FALSE,"A",0
"M",54,2,330,99,FALSE,"A",0
"M",43,2,316,12,FALSE,"A",0
"M",39,3,292,43,FALSE,"A",0
"M",51,1,362,32,FALSE,"A",1
"M",42,3,196,35,FALSE,"A",0
"M",57,1,180,3,FALSE,"A",0
"M",50,4,56,52,FALSE,"A",0
"M",40,3,145,30,FALSE,"A",0
"M",54,3,83,83,FALSE,"A",0
"M",54,1,151,51,FALSE,"A",0
"M",61,1,30,30,FALSE,"A",0
"M",60,2,83,83,FALSE,"A",0
"M",53,2,131,71,FALSE,"A",0
"M",56,1,188,40,FALSE,"A",0
"M",59,1,148,64,FALSE,"A",0
"M",53,2,243,62,FALSE,"A",0
"M",46,4,98,14,FALSE,"A",0
"M",45,3,182,31,FALSE,"A",0
"M",38,2,319,65,FALSE,"A",0
"M",58,2,156,93,FALSE,"A",0
"M",43,3,111,64,FALSE,"A",0
"M",42,4,111,52,FALSE,"A",0
"M",59,2,167,137,FALSE,"A",0
"M",57,1,82,82,FALSE,"A",0
"M",47,3,235,39,FALSE,"A",0
"M",60,1,30,30,FALSE,"A",0
"M",56,1,293,93,FALSE,"A",1
"M",56,1,174,18,FALSE,"A",0
"M",48,3,361,17,FALSE,"A",0
"M",63,2,147,97,FALSE,"A",0
"M",51,1,157,49,FALSE,"A",0
"M",56,3,362,145,FALSE,"A",1
"M",48,4,165,42,FALSE,"A",1
"M",58,3,42,42,FALSE,"A",1
"M",60,1,30,30,FALSE,"A",0
"M",44,4,36,32,FALSE,"A",0
"M",59,2,114,114,FALSE,"A",0
"M",57,1,53,45,FALSE,"A",1
"M",61,1,246,112,FALSE,"A",0
"M",39,4,65,39,FALSE,"A",0
"M",65,1,362,119,FALSE,"A",1
"M",40,4,53,53,FALSE,"A",0
"M",45,3,261,29,FALSE,"A",0
"M",53,2,30,30,FALSE,"A",0
"M",58,1,263,3,FALSE,"A",0
"M",40,4,69,29,FALSE,"A",0
"M",56,1,96,5,FALSE,"A",0
"M",39,3,224,6,FALSE,"A",0
"M",56,2,306,116,FALSE,"A",0
"M",56,2,312,67,FALSE,"A",0
"M",56,2,228,65,FALSE,"A",1
"M",50,2,293,55,FALSE,"A",0
"M",51,2,155,155,FALSE,"A",0
"M",43,2,30,30,FALSE,"A",0
"M",60,2,89,89,FALSE,"A",0
"M",41,3,179,20,FALSE,"A",0
"M",45,3,248,36,FALSE,"A",0
"M",45,3,160,24,FALSE,"A",0
"M",58,2,133,122,FALSE,"A",0
"M",36,3,312,37,FALSE,"A",0
"M",40,3,104,18,FALSE,"A",0
"M",55,2,362,101,FALSE,"A",1
"M",51,1,60,60,FALSE,"A",0
"M",63,1,362,3,FALSE,"A",0
"M",52,1,30,30,FALSE,"A",0
"M",57,2,145,53,FALSE,"A",0
"M",65,3,250,40,FALSE,"A",0
"M",39,3,113,28,FALSE,"A",0
"M",43,3,206,11,FALSE,"A",0
"M",52,2,202,116,FALSE,"A",0
"M",51,1,30,30,FALSE,"A",0
"M",44,4,342,16,FALSE,"A",0
"M",60,1,200,92,FALSE,"A",0
"M",59,1,330,164,FALSE,"A",0
"M",39,3,61,27,FALSE,"A",0
"M",44,2,164,17,FALSE,"A",1
"M",43,3,313,53,FALSE,"A",0
"M",38,3,192,70,FALSE,"A",0
"M",63,2,179,74,FALSE,"A",0
"M",51,2,77,77,FALSE,"A",1
"M",48,3,30,30,FALSE,"A",0
"M",42,2,46,36,FALSE,"A",1
"M",44,2,297,49,FALSE,"A",0
"M",54,2,147,80,FALSE,"A",0
"M",52,2,307,108,FALSE,"A",0
"M",48,3,116,32,FALSE,"A",0
"M",57,2,225,55,FALSE,"A",0
"M",61,1,145,82,FALSE,"A",0
"M",45,2,282,52,FALSE,"A",0
"M",43,3,89,27,FALSE,"A",0
"M",57,3,245,141,FALSE,"A",0
"M",59,1,223,94,FALSE,"A",0
"M",42,2,96,31,FALSE,"A",0
"M",46,3,190,53,FALSE,"A",0
"M",46,2,202,62,FALSE,"A",1
"M",46,2,217,50,FALSE,"A",0
"M",45,3,134,30,FALSE,"A",0
"M",45,2,278,45,FALSE,"A",0
"M",42,4,194,56,FALSE,"A",1
"M",45,3,191,66,FALSE,"A",1
"M",64,2,299,125,FALSE,"A",0
"M",47,3,169,45,FALSE,"A",0
"M",57,1,30,30,FALSE,"A",0
"M",57,1,250,29,FALSE,"A",0
"M",40,3,156,31,FALSE,"A",0
"M",43,3,111,66,FALSE,"A",0
"M",38,2,248,41,FALSE,"A",0
"M",59,2,362,117,FALSE,"A",0
"M",44,3,195,17,FALSE,"A",0
"M",41,3,43,32,FALSE,"A",0
"M",56,2,109,109,FALSE,"A",0
"M",54,1,90,90,FALSE,"A",0
"M",39,2,84,33,FALSE,"A",0
"M",46,3,181,57,FALSE,"A",0
"M",44,4,190,44,FALSE,"A",0
"M",43,3,177,23,FALSE,"A",0
"M",47,3,124,30,FALSE,"A",0
"M",60,2,122,105,FALSE,"A",1
"M",38,4,261,16,FALSE,"A",1
"M",45,4,137,50,FALSE,"A",0
"M",39,2,152,25,FALSE,"A",0
"M",54,2,184,118,FALSE,"A",0
"M",50,2,276,3,FALSE,"A",0
"M",41,3,204,49,FALSE,"A",0
"M",58,1,133,133,FALSE,"A",0
"M",48,4,184,30,FALSE,"A",0
"M",56,2,35,22,FALSE,"A",0
"M",57,3,48,48,FALSE,"A",0
"M",53,2,142,86,FALSE,"A",0
"M",50,4,265,10,FALSE,"A",0
"M",56,1,199,36,FALSE,"A",0
"M",49,3,294,57,FALSE,"A",0
"M",56,2,57,57,FALSE,"A",1
"M",48,4,214,41,FALSE,"A",0
"M",46,3,124,40,FALSE,"A",0
"M",51,1,210,8,FALSE,"A",0
"M",55,2,353,53,FALSE,"A",0
"M",54,3,199,159,FALSE,"A",0
"M",56,2,194,143,FALSE,"A",0
"M",44,3,311,59,FALSE,"A",0
"M",44,3,161,25,FALSE,"A",1
"M",42,3,95,37,FALSE,"A",0
"M",47,3,45,36,FALSE,"A",0
"M",39,2,105,9,FALSE,"A",0
"M",36,4,255,23,FALSE,"A",0
"M",58,2,293,112,FALSE,"A",0
"M",43,3,237,52,FALSE,"A",0
"M",38,4,78,44,FALSE,"A",0
"M",58,3,119,119,FALSE,"A",0
"M",58,2,108,80,FALSE,"A",0
"M",60,1,38,38,FALSE,"A",0
"M",41,3,30,30,FALSE,"A",1
"M",58,2,30,30,FALSE,"A",0
"M",44,3,257,27,FALSE,"A",0
"M",40,2,146,38,FALSE,"A",0
"M",63,3,30,30,FALSE,"A",0
"M",61,2,192,126,FALSE,"A",0
"M",39,3,237,15,FALSE,"A",0
"M",36,3,61,16,FALSE,"A",0
"M",49,3,185,35,FALSE,"A",0
"M",49,3,188,49,FALSE,"A",0
"M",56,3,211,78,FALSE,"A",0
"M",58,3,186,3,FALSE,"A",0
"M",46,3,261,32,FALSE,"A",0
"M",60,1,35,35,FALSE,"A",0
"M",54,1,30,30,FALSE,"A",0
"M",43,3,294,62,FALSE,"A",0
"M",57,2,287,51,FALSE,"A",0
"M",65,2,262,21,FALSE,"A",1
"M",53,2,93,72,FALSE,"A",0
"M",44,3,95,23,FALSE,"A",0
"M",44,4,280,21,FALSE,"A",0
"M",51,1,30,30,FALSE,"A",0
"M",47,3,361,38,FALSE,"A",0
"M",61,3,205,129,FALSE,"A",0
"M",47,2,30,30,FALSE,"A",0
"M",65,2,30,30,FALSE,"A",0
"M",45,3,119,24,FALSE,"A",0
"M",43,3,326,52,FALSE,"A",0
"M",46,3,30,30,FALSE,"A",0
"M",39,3,184,23,FALSE,"A",0
"M",45,4,266,31,FALSE,"A",0
"M",55,1,125,125,FALSE,"A",0
"M",55,2,105,19,FALSE,"A",0
"M",40,3,279,60,FALSE,"A",0
"M",59,3,116,70,FALSE,"B",1
"M",43,3,333,17,FALSE,"B",1
"M",57,2,118,59,FALSE,"B",0
"M",42,3,57,26,FALSE,"B",0
"M",59,2,362,78,FALSE,"B",0
"M",43,3,100,46,FALSE,"B",1
"M",39,2,133,39,FALSE,"B",1
"M",65,3,211,105,FALSE,"B",0
"M",36,3,209,28,FALSE,"B",0
"M",38,3,172,20,FALSE,"B",0
"M",42,2,236,53,FALSE,"B",0
"M",39,3,181,52,FALSE,"B",0
"M",53,1,143,31,FALSE,"B",0
"M",60,2,30,30,FALSE,"B",0
"M",41,3,110,25,FALSE,"B",0
"M",51,2,362,89,FALSE,"B",0
"M",59,2,362,96,FALSE,"B",0
"M",50,3,30,30,FALSE,"B",0
"M",55,1,216,76,FALSE,"B",0
"M",56,2,30,30,FALSE,"B",0
"M",36,3,218,38,FALSE,"B",0
"M",43,3,240,21,FALSE,"B",0
"M",56,2,150,147,FALSE,"B",0
"M",38,3,119,24,FALSE,"B",0
"M",64,1,150,76,FALSE,"B",0
"M",36,3,65,30,FALSE,"B",1
"M",58,2,50,50,FALSE,"B",1
"M",58,2,209,54,FALSE,"B",0
"M",40,2,95,25,FALSE,"B",1
"M",48,3,216,42,FALSE,"B",0
"M",60,2,146,17,FALSE,"B",0
"M",45,3,166,70,FALSE,"B",0
"M",53,2,205,161,FALSE,"B",0
"M",40,3,292,34,FALSE,"B",1
"M",39,3,202,35,FALSE,"B",0
"M",42,3,107,53,FALSE,"B",0
"M",56,2,357,36,FALSE,"B",0
"M",60,1,196,107,FALSE,"B",0
"M",50,3,129,43,FALSE,"B",1
"M",47,4,224,35,FALSE,"B",0
"M",43,3,269,28,FALSE,"B",1
"M",53,2,30,30,FALSE,"B",0
"M",47,2,78,20,FALSE,"B",1
"M",56,2,231,160,FALSE,"B",0
"M",55,2,147,3,FALSE,"B",0
"M",41,3,126,19,FALSE,"B",0
"M",37,4,39,14,FALSE,"B",1
"M",40,3,263,11,FALSE,"B",0
"M",60,2,46,46,FALSE,"B",1
"M",45,3,30,26,FALSE,"B",0
"M",56,2,123,70,FALSE,"B",0
"M",56,3,141,12,FALSE,"B",0
"M",42,3,87,28,FALSE,"B",0
"M",40,4,228,20,FALSE,"B",0
"M",44,3,30,9,FALSE,"B",1
"M",49,2,82,44,FALSE,"B",0
"M",39,2,253,51,FALSE,"B",0
"M",41,3,188,21,FALSE,"B",0
"M",48,4,222,37,FALSE,"B",1
"M",58,2,220,58,FALSE,"B",0
"M",36,2,224,33,FALSE,"B",0
"M",50,4,335,41,FALSE,"B",1
"M",46,3,188,43,FALSE,"B",1
"M",63,2,121,115,FALSE,"B",0
"M",41,3,106,30,FALSE,"B",0
"M",38,2,184,29,FALSE,"B",0
"M",56,2,30,30,FALSE,"B",0
"M",47,3,361,2,FALSE,"B",0
"M",59,2,30,30,FALSE,"B",0
"M",44,2,93,47,FALSE,"B",0
"M",44,2,361,55,FALSE,"B",0
"M",44,3,30,30,FALSE,"B",0
"M",64,1,204,99,FALSE,"B",0
"M",63,1,289,134,FALSE,"B",0
"M",51,1,30,30,FALSE,"B",0
"M",51,1,30,30,FALSE,"B",0
"M",60,3,30,30,FALSE,"B",0
"M",38,3,171,30,FALSE,"B",0
"M",44,3,238,21,FALSE,"B",0
"M",41,3,30,0,FALSE,"B",0
"M",48,4,177,44,FALSE,"B",0
"M",43,4,117,26,FALSE,"B",0
"M",41,2,166,41,FALSE,"B",0
"M",61,2,178,72,FALSE,"B",0
"M",51,1,93,90,FALSE,"B",0
"M",46,3,148,61,FALSE,"B",1
"M",47,3,210,15,FALSE,"B",0
"M",58,1,261,112,FALSE,"B",0
"M",51,2,238,3,FALSE,"B",1
"M",41,3,217,20,FALSE,"B",0
"M",59,2,124,110,FALSE,"B",0
"M",45,3,361,38,FALSE,"B",1
"M",59,2,118,106,FALSE,"B",0
"M",54,3,37,37,FALSE,"B",0
"M",58,2,93,93,FALSE,"B",0
"M",45,3,114,58,FALSE,"B",0
"M",42,3,243,57,FALSE,"B",1
"M",49,2,120,33,FALSE,"B",0
"M",53,2,148,87,FALSE,"B",0
"M",48,3,288,20,FALSE,"B",0
"M",54,2,75,75,FALSE,"B",1
"M",65,2,254,73,FALSE,"B",0
"M",43,3,48,48,FALSE,"B",0
"M",58,2,30,30,FALSE,"B",0
"M",60,1,82,82,FALSE,"B",1
"M",55,2,286,145,FALSE,"B",1
"M",48,3,220,21,FALSE,"B",1
"M",40,4,264,42,FALSE,"B",0
"M",63,1,186,64,FALSE,"B",0
"M",55,2,30,30,FALSE,"B",1
"M",48,2,115,43,FALSE,"B",1
"M",56,2,362,86,FALSE,"B",0
"M",43,3,195,36,FALSE,"B",0
"M",46,3,185,53,FALSE,"B",0
"M",45,2,121,68,FALSE,"B",0
"M",50,3,218,13,FALSE,"B",0
"M",57,3,209,110,FALSE,"B",0
"M",64,1,74,74,FALSE,"B",0
"M",40,4,270,61,FALSE,"B",0
"M",48,3,265,0,FALSE,"B",0
"M",40,3,344,24,FALSE,"B",0
"M",55,2,106,69,FALSE,"B",0
"M",54,2,30,30,FALSE,"B",0
"M",47,3,361,70,FALSE,"B",1
"M",53,1,195,125,FALSE,"B",0
"M",40,4,296,52,FALSE,"B",0
"M",50,3,307,54,FALSE,"B",1
"M",36,4,243,21,FALSE,"B",0
"M",57,2,30,30,FALSE,"B",0
"M",42,3,162,34,FALSE,"B",1
"M",51,2,226,83,FALSE,"B",0
"M",55,1,62,62,FALSE,"B",0
"M",61,2,246,36,FALSE,"B",0
"M",50,4,78,32,FALSE,"B",0
"M",45,3,212,26,FALSE,"B",0
"M",39,3,129,65,FALSE,"B",1
"M",57,1,144,74,FALSE,"B",0
"M",43,3,44,24,FALSE,"B",0
"M",44,2,30,0,FALSE,"B",0
"M",64,2,344,115,FALSE,"B",0
"M",42,2,83,36,FALSE,"B",0
"M",57,1,57,57,FALSE,"B",0
"M",55,2,140,40,FALSE,"B",0
"M",58,1,82,65,FALSE,"B",0
"M",56,2,279,132,FALSE,"B",0
"M",44,2,30,28,FALSE,"B",0
"M",47,3,30,30,FALSE,"B",0
"M",52,1,297,87,FALSE,"B",0
"M",46,4,268,21,FALSE,"B",1
"M",52,3,210,112,FALSE,"B",0
"M",62,2,170,107,FALSE,"B",0
"M",39,3,151,51,FALSE,"B",0
"M",57,2,30,30,FALSE,"B",1
"M",53,2,190,131,FALSE,"B",0
"M",38,3,217,54,FALSE,"B",0
"M",58,1,90,90,FALSE,"B",0
"M",44,4,361,48,FALSE,"B",0
"M",56,2,362,69,FALSE,"B",0
"M",46,4,77,47,FALSE,"B",0
"M",39,3,69,10,FALSE,"B",0
"M",41,2,158,10,FALSE,"B",1
"M",42,4,195,35,FALSE,"B",0
"M",48,2,77,52,FALSE,"B",0
"M",57,2,175,124,FALSE,"B",0
"M",60,2,240,135,FALSE,"B",0
"M",45,3,250,21,FALSE,"B",1
"M",46,3,230,22,FALSE,"B",0
"M",60,2,183,80,FALSE,"B",0
"M",45,3,349,27,FALSE,"B",0
"M",37,3,360,37,FALSE,"B",0
"M",61,1,106,99,FALSE,"B",0
"M",56,1,186,125,FALSE,"B",0
"M",51,1,248,45,FALSE,"B",0
"M",40,3,361,54,FALSE,"B",0
"M",47,2,30,30,FALSE,"B",0
"M",41,3,264,33,FALSE,"B",0
"M",47,2,203,27,FALSE,"B",0
"M",41,3,127,47,FALSE,"B",1
"M",44,3,135,65,FALSE,"B",0
"M",59,1,115,73,FALSE,"B",0
"M",41,4,99,32,FALSE,"B",0
"M",48,2,48,18,FALSE,"B",0
"M",49,3,143,50,FALSE,"B",0
"M",42,3,110,29,FALSE,"B",0
"M",48,3,204,16,FALSE,"B",1
"M",42,3,67,0,FALSE,"B",1
"M",44,3,226,30,FALSE,"B",0
"M",46,3,244,46,FALSE,"B",0
"M",38,2,157,39,FALSE,"B",1
"M",43,3,186,32,FALSE,"B",0
"M",42,3,227,45,FALSE,"B",0
"M",42,3,113,22,FALSE,"B",1
"M",41,3,163,44,FALSE,"B",0
"M",47,2,91,37,FALSE,"B",0
"M",50,4,64,24,FALSE,"B",0
"M",43,3,252,4,FALSE,"B",0
"M",64,1,30,30,FALSE,"B",1
"M",43,3,361,32,FALSE,"B",0
"M",46,3,30,0,FALSE,"B",0
"M",47,2,91,33,FALSE,"B",0
"M",64,1,30,30,FALSE,"B",0
"M",40,3,120,43,FALSE,"B",0
"M",57,1,215,65,FALSE,"B",0
"M",44,3,260,40,FALSE,"B",1
"M",54,1,121,119,FALSE,"B",1
"M",36,2,135,55,FALSE,"B",0
"M",43,3,342,1,FALSE,"B",0
"M",47,2,44,18,FALSE,"B",0
"M",39,3,74,24,FALSE,"B",1
"M",42,2,222,42,FALSE,"B",0
"M",37,3,224,35,FALSE,"B",0
"M",37,3,230,69,FALSE,"B",0
"M",36,4,328,29,FALSE,"B",0
"M",47,3,166,32,FALSE,"B",0
"M",50,4,206,29,FALSE,"B",0
"M",57,1,362,113,FALSE,"B",0
"M",63,1,152,100,FALSE,"B",0
"M",50,3,361,0,FALSE,"B",1
"M",41,3,30,21,FALSE,"B",0
"M",36,3,191,55,FALSE,"B",0
"M",41,4,156,14,FALSE,"B",0
"M",65,2,227,64,FALSE,"B",0
"M",44,3,227,12,FALSE,"B",0
"M",36,2,325,4,FALSE,"B",0
"M",56,1,30,30,FALSE,"B",0
"M",58,1,249,120,FALSE,"B",0
"M",56,1,99,77,FALSE,"B",1
"M",36,3,206,21,FALSE,"B",0
"M",39,3,248,23,FALSE,"B",0
"M",61,2,263,105,FALSE,"B",0
"M",58,1,362,77,FALSE,"B",0
"M",53,2,362,93,FALSE,"B",0
"M",56,2,303,122,FALSE,"B",0
"M",43,2,361,32,FALSE,"B",0
"M",49,2,210,39,FALSE,"B",0
"M",40,3,55,55,FALSE,"B",0
"M",59,2,229,69,FALSE,"B",0
"M",53,1,42,42,FALSE,"B",0
"M",53,2,30,30,FALSE,"B",0
"M",56,1,266,93,FALSE,"B",0
"M",63,1,362,79,FALSE,"B",1
"M",65,1,154,115,FALSE,"B",0
"M",43,3,69,42,FALSE,"B",0
"M",36,3,122,49,FALSE,"B",0
"M",39,4,48,27,FALSE,"B",0
"M",59,2,131,131,FALSE,"B",0
"M",49,3,361,16,FALSE,"B",0
"M",43,3,322,40,FALSE,"B",0
"M",46,3,75,70,FALSE,"B",0
"M",43,4,322,54,FALSE,"B",0
"M",44,4,161,48,FALSE,"B",0
"M",62,2,125,110,FALSE,"B",1
"M",45,3,174,23,FALSE,"B",0
"M",48,3,178,28,FALSE,"B",0
"M",42,3,49,49,FALSE,"B",0
"M",45,4,361,36,FALSE,"B",0
"M",44,2,295,63,FALSE,"B",0
"M",46,3,94,33,FALSE,"B",0
"M",65,1,111,87,FALSE,"B",0
"M",50,3,205,13,FALSE,"B",1
"M",42,3,188,54,FALSE,"B",1
"M",36,3,157,33,FALSE,"B",0
"M",39,3,330,47,FALSE,"B",0
"M",37,3,30,30,FALSE,"B",0
"M",57,2,302,95,FALSE,"B",0
"M",40,3,122,46,FALSE,"B",0
"M",43,3,30,30,FALSE,"B",1
"M",43,3,153,12,FALSE,"B",0
"M",63,2,201,97,FALSE,"B",0
"M",54,3,293,89,FALSE,"B",1
"M",46,3,30,30,FALSE,"B",0
"M",62,2,115,114,FALSE,"B",0
"M",51,1,81,81,FALSE,"B",0
"M",40,3,142,53,FALSE,"B",0
"M",41,3,236,35,FALSE,"B",1
"M",64,2,190,92,FALSE,"B",0
"M",61,1,120,120,FALSE,"B",0
"M",55,1,362,3,FALSE,"B",0
"M",47,3,119,22,FALSE,"B",0
"M",62,2,325,104,FALSE,"B",1
"M",62,1,139,67,FALSE,"B",0
"M",46,3,115,32,FALSE,"B",0
"M",38,4,352,26,FALSE,"B",0
"M",37,4,47,39,FALSE,"B",0
"M",58,2,214,88,FALSE,"B",0
"M",45,3,150,37,FALSE,"B",0
"M",38,3,89,39,FALSE,"B",0
"M",61,1,36,36,FALSE,"B",0
"M",44,3,205,21,FALSE,"B",0
"M",44,2,209,36,FALSE,"B",0
"M",58,3,81,65,FALSE,"B",0
"M",40,3,354,31,FALSE,"B",0
"M",46,3,219,33,FALSE,"B",0
"M",48,3,81,14,FALSE,"B",0
"M",42,4,60,10,FALSE,"B",0
"M",43,3,151,28,FALSE,"B",0
"M",45,2,361,37,FALSE,"B",0
"M",42,3,310,35,FALSE,"B",0
"M",58,1,30,30,FALSE,"B",0
"M",45,3,35,19,FALSE,"B",0
"M",57,2,235,61,FALSE,"B",0
"M",50,4,135,21,FALSE,"B",0
"M",58,2,150,110,FALSE,"B",1
"M",65,2,65,65,FALSE,"B",0
"M",60,2,342,186,FALSE,"B",0
"M",39,4,110,22,FALSE,"B",0
"M",51,1,208,118,FALSE,"B",0
"M",43,3,145,37,FALSE,"B",0
"M",60,1,180,55,FALSE,"B",0
"M",44,4,231,37,FALSE,"B",0
"M",65,3,362,50,FALSE,"B",0
"M",58,1,111,73,FALSE,"B",0
"M",46,4,120,22,FALSE,"B",0
"M",49,2,118,18,FALSE,"B",0
"M",38,4,156,20,FALSE,"B",0
"M",50,4,137,34,FALSE,"B",0
"M",46,3,348,59,FALSE,"B",1
"M",58,2,162,117,FALSE,"B",1
"M",61,1,181,80,FALSE,"B",0
"M",58,2,170,38,FALSE,"B",0
"M",47,2,199,56,FALSE,"B",1
"M",41,2,30,30,FALSE,"B",0
"M",40,2,200,59,FALSE,"B",0
"M",45,4,63,20,FALSE,"B",0
"M",41,3,271,34,FALSE,"B",0
"M",46,3,166,40,FALSE,"B",0
"M",38,3,259,29,FALSE,"B",0
"M",46,3,30,30,FALSE,"B",0
"M",38,4,315,16,FALSE,"B",1
"M",41,3,103,38,FALSE,"B",0
"M",54,1,301,41,FALSE,"B",0
"M",57,2,309,93,FALSE,"B",0
"M",52,1,348,3,FALSE,"B",0
"M",41,3,92,31,FALSE,"B",0
"M",43,3,226,32,FALSE,"B",0
"M",41,3,215,32,FALSE,"B",0
"M",50,4,80,35,FALSE,"B",1
"M",42,4,106,31,FALSE,"B",0
"M",43,4,296,40,FALSE,"B",0
"M",57,1,362,34,FALSE,"B",0
"M",46,2,197,54,FALSE,"B",0
"M",50,2,225,13,FALSE,"B",0
"M",43,2,46,21,FALSE,"B",0
"M",58,1,238,33,FALSE,"B",1
"M",57,2,159,152,FALSE,"B",0
"M",43,4,219,57,FALSE,"B",0
"M",42,3,30,12,FALSE,"B",0
"M",57,1,343,112,FALSE,"B",0
"M",59,1,67,67,FALSE,"B",0
"M",57,2,83,83,FALSE,"B",0
"M",42,2,60,55,FALSE,"B",0
"M",55,2,106,100,FALSE,"B",0
"M",41,2,106,45,FALSE,"B",0
"M",61,2,255,83,FALSE,"B",0
"M",58,1,228,94,FALSE,"B",0
"M",41,3,330,20,FALSE,"B",0
"M",41,3,66,39,FALSE,"B",1
"M",39,3,277,67,FALSE,"B",1
"M",38,2,340,33,FALSE,"B",0
"M",47,2,356,36,FALSE,"B",0
"M",41,3,182,15,FALSE,"B",0
"M",47,4,351,37,FALSE,"B",0
"M",39,4,218,30,FALSE,"B",0
"M",41,3,178,23,FALSE,"B",0
"M",58,1,354,41,FALSE,"B",0
"M",55,2,134,83,FALSE,"B",0
"M",42,3,253,35,FALSE,"B",0
"M",50,3,30,30,FALSE,"B",0
"M",40,3,118,9,FALSE,"B",0
"M",41,4,258,17,FALSE,"B",0
"M",50,4,270,57,FALSE,"B",0
"M",41,4,266,57,FALSE,"B",0
"M",46,2,162,63,FALSE,"B",0
"M",51,1,30,30,FALSE,"B",1
"M",43,2,212,0,FALSE,"B",0
"M",47,3,246,20,FALSE,"B",0
"M",38,3,49,49,FALSE,"B",0
"M",36,3,250,60,FALSE,"B",0
"M",40,4,245,0,FALSE,"B",0
"M",60,2,174,41,FALSE,"B",0
"M",46,3,237,31,FALSE,"B",1
"M",41,4,117,16,FALSE,"B",0
"M",58,2,189,147,FALSE,"B",0
"M",54,3,127,115,FALSE,"B",0
"M",46,3,30,30,FALSE,"B",0
"M",50,3,241,26,FALSE,"B",0
"M",45,2,177,39,FALSE,"B",0
"M",47,3,58,26,FALSE,"B",0
"M",56,1,30,30,FALSE,"B",0
"M",59,2,173,157,FALSE,"B",1
"M",44,3,256,64,FALSE,"B",0
"M",44,3,116,5,FALSE,"B",0
"M",58,2,185,98,FALSE,"B",0
"M",56,2,201,99,FALSE,"B",1
"M",43,3,168,36,FALSE,"B",1
"M",48,2,147,58,FALSE,"B",0
"M",44,2,295,28,FALSE,"B",1
"M",44,3,338,12,FALSE,"B",0
"M",45,3,254,3,FALSE,"B",0
"M",46,3,361,2,FALSE,"B",0
"M",46,3,52,25,FALSE,"B",0
"M",57,1,79,79,FALSE,"B",0
"M",45,3,181,46,FALSE,"B",0
"M",42,4,117,52,FALSE,"B",0
"M",46,2,152,0,FALSE,"B",0
"M",46,2,316,30,FALSE,"B",0
"M",60,1,184,102,FALSE,"B",0
"M",61,3,151,127,FALSE,"B",0
"M",60,2,116,116,FALSE,"B",0
"M",43,3,340,35,FALSE,"B",0
"M",53,2,194,71,FALSE,"B",1
"M",45,2,327,34,FALSE,"B",0
"F",33,8,235,16,TRUE,"A",0
"F",26,8,43,2,TRUE,"A",0
"F",26,8,364,5,TRUE,"A",1
"F",31,9,364,2,TRUE,"A",0
"F",22,8,342,4,TRUE,"A",0
"F",24,9,195,4,TRUE,"A",0
"F",22,9,93,2,TRUE,"A",0
"F",36,8,267,9,TRUE,"A",0
"F",25,9,359,2,TRUE,"A",0
"F",29,8,164,1,TRUE,"A",0
"F",19,8,157,1,TRUE,"A",0
"F",20,8,166,2,TRUE,"A",0
"F",22,9,72,1,TRUE,"A",0
"F",39,9,303,1,TRUE,"A",0
"F",34,9,251,11,TRUE,"A",0
"F",34,8,144,10,TRUE,"A",0
"F",33,7,293,7,TRUE,"A",0
"F",32,8,34,13,TRUE,"A",0
"F",38,8,186,15,TRUE,"A",0
"F",36,8,115,6,TRUE,"A",0
"F",32,8,285,14,TRUE,"A",0
"F",30,9,63,11,TRUE,"A",1
"F",27,9,53,5,TRUE,"A",0
"F",29,7,278,4,TRUE,"A",1
"F",18,8,239,2,TRUE,"A",0
"F",23,8,157,1,TRUE,"A",0
"F",29,8,249,4,TRUE,"A",0
"F",20,7,86,1,TRUE,"A",0
"F",21,8,161,4,TRUE,"A",0
"F",36,8,251,18,TRUE,"A",0
"F",35,8,181,20,TRUE,"A",0
"F",21,8,119,1,TRUE,"A",0
"F",18,8,169,1,TRUE,"A",0
"F",23,9,236,0,TRUE,"A",0
"F",32,8,96,7,TRUE,"A",0
"F",24,7,238,0,TRUE,"A",0
"F",34,8,351,5,TRUE,"A",1
"F",23,8,125,0,TRUE,"A",0
"F",22,8,208,2,TRUE,"A",0
"F",20,7,30,0,TRUE,"A",1
"F",26,8,245,0,TRUE,"A",0
"F",35,8,313,5,TRUE,"A",0
"F",27,8,129,4,TRUE,"A",0
"F",34,8,80,5,TRUE,"A",0
"F",31,7,30,8,TRUE,"A",0
"F",20,8,134,1,TRUE,"A",0
"F",22,8,30,2,TRUE,"A",0
"F",32,8,149,14,TRUE,"A",0
"F",31,8,210,4,TRUE,"A",0
"F",29,8,166,1,TRUE,"A",0
"F",20,8,364,1,TRUE,"A",0
"F",31,8,316,23,TRUE,"A",0
"F",36,8,94,13,TRUE,"A",0
"F",25,8,105,4,TRUE,"A",1
"F",30,8,146,4,TRUE,"A",0
"F",35,7,211,10,TRUE,"A",1
"F",28,8,35,2,TRUE,"A",0
"F",22,7,245,0,TRUE,"A",0
"F",33,8,255,7,TRUE,"A",1
"F",35,8,259,6,TRUE,"A",0
"F",30,8,208,9,TRUE,"A",0
"F",24,8,87,0,TRUE,"A",0
"F",35,8,232,5,TRUE,"A",0
"F",31,8,146,1,TRUE,"A",0
"F",21,8,181,0,TRUE,"A",0
"F",29,8,300,1,TRUE,"A",1
"F",19,8,364,4,TRUE,"A",0
"F",25,9,314,2,TRUE,"A",0
"F",18,8,298,1,TRUE,"A",0
"F",35,8,46,23,TRUE,"A",0
"F",39,8,323,21,TRUE,"A",0
"F",24,7,194,2,TRUE,"A",1
"F",27,8,196,1,TRUE,"A",0
"F",25,8,156,3,TRUE,"A",0
"F",35,8,306,8,TRUE,"A",0
"F",36,7,269,8,TRUE,"A",1
"F",21,8,80,2,TRUE,"A",0
"F",26,8,231,4,TRUE,"A",0
"F",25,7,215,0,TRUE,"A",0
"F",35,8,58,8,TRUE,"A",0
"F",22,8,352,2,TRUE,"A",0
"F",20,7,174,3,TRUE,"A",0
"F",22,7,159,3,TRUE,"A",0
"F",33,9,273,10,TRUE,"A",1
"F",22,7,192,1,TRUE,"A",0
"F",28,8,333,2,TRUE,"A",0
"F",35,8,279,19,TRUE,"A",0
"F",32,8,364,2,TRUE,"A",0
"F",37,7,32,11,TRUE,"A",0
"F",35,7,166,12,TRUE,"A",0
"F",24,7,195,0,TRUE,"A",0
"F",24,7,306,3,TRUE,"A",0
"F",35,8,145,11,TRUE,"A",0
"F",33,7,208,11,TRUE,"A",0
"F",28,8,139,4,TRUE,"A",0
"F",28,8,207,2,TRUE,"A",0
"F",30,8,258,13,TRUE,"A",0
"F",24,9,30,4,TRUE,"A",0
"F",24,8,296,3,TRUE,"A",0
"F",38,8,142,10,TRUE,"A",0
"F",39,8,67,3,TRUE,"A",0
"F",27,8,364,4,TRUE,"A",0
"F",18,7,196,3,TRUE,"A",0
"F",21,7,172,5,TRUE,"A",0
"F",27,9,177,6,TRUE,"A",0
"F",21,9,298,0,TRUE,"A",0
"F",25,8,170,3,TRUE,"A",0
"F",29,7,193,0,TRUE,"A",0
"F",27,7,243,1,TRUE,"A",0
"F",18,7,241,2,TRUE,"A",0
"F",24,8,269,3,TRUE,"A",0
"F",24,10,117,1,TRUE,"A",0
"F",25,10,141,5,TRUE,"A",0
"F",22,7,119,2,TRUE,"A",0
"F",30,8,128,13,TRUE,"A",0
"F",35,8,235,0,TRUE,"A",0
"F",27,8,167,2,TRUE,"A",0
"F",31,8,262,10,TRUE,"A",0
"F",38,9,231,0,TRUE,"A",0
"F",25,8,264,3,TRUE,"A",0
"F",39,8,30,16,TRUE,"A",0
"F",26,8,364,1,TRUE,"A",0
"F",24,7,305,1,TRUE,"A",0
"F",29,8,213,3,TRUE,"A",0
"F",21,8,95,2,TRUE,"A",0
"F",27,8,228,0,TRUE,"A",0
"F",23,7,255,1,TRUE,"A",0
"F",23,8,303,3,TRUE,"A",0
"F",23,9,149,1,TRUE,"A",0
"F",25,8,172,2,TRUE,"A",0
"F",37,8,364,7,TRUE,"A",0
"F",26,7,193,3,TRUE,"A",0
"F",33,7,225,12,TRUE,"A",0
"F",25,7,181,3,TRUE,"A",0
"F",36,8,283,11,TRUE,"A",0
"F",24,8,310,0,TRUE,"A",0
"F",24,8,147,0,TRUE,"A",0
"F",18,7,237,2,TRUE,"A",0
"F",36,8,204,19,TRUE,"A",1
"F",25,7,293,6,TRUE,"A",0
"F",26,8,30,3,TRUE,"A",1
"F",32,9,123,6,TRUE,"A",0
"F",28,9,172,2,TRUE,"A",0
"F",33,9,202,9,TRUE,"A",0
"F",26,8,216,2,TRUE,"A",0
"F",37,9,207,5,TRUE,"A",0
"F",26,7,70,0,TRUE,"A",0
"F",28,7,210,4,TRUE,"A",0
"F",29,7,175,1,TRUE,"A",0
"F",24,8,337,2,TRUE,"A",0
"F",23,7,145,3,TRUE,"A",0
"F",23,8,82,3,TRUE,"A",0
"F",28,8,258,0,TRUE,"A",1
"F",39,8,78,21,TRUE,"A",0
"F",38,7,312,4,TRUE,"A",1
"F",22,9,283,5,TRUE,"A",0
"F",35,8,90,12,TRUE,"A",0
"F",22,8,144,1,TRUE,"A",0
"F",24,8,364,0,TRUE,"A",0
"F",29,8,353,3,TRUE,"A",0
"F",37,9,262,1,TRUE,"A",0
"F",32,8,183,17,TRUE,"A",0
"F",32,8,238,17,TRUE,"A",0
"F",27,8,123,3,TRUE,"A",0
"F",27,9,69,2,TRUE,"A",0
"F",38,8,311,8,TRUE,"A",0
"F",27,8,79,3,TRUE,"A",0
"F",34,8,295,12,TRUE,"A",0
"F",21,8,227,2,TRUE,"A",0
"F",18,8,108,2,TRUE,"A",0
"F",32,8,106,9,TRUE,"A",1
"F",33,8,198,6,TRUE,"A",1
"F",37,8,92,8,TRUE,"A",1
"F",33,8,170,4,TRUE,"A",0
"F",28,7,352,2,TRUE,"A",0
"F",37,7,332,18,TRUE,"A",0
"F",34,8,76,2,TRUE,"A",0
"F",37,9,215,12,TRUE,"A",0
"F",32,7,272,21,TRUE,"A",0
"F",26,8,232,3,TRUE,"A",0
"F",33,7,224,6,TRUE,"A",0
"F",30,8,296,12,TRUE,"A",0
"F",32,8,255,18,TRUE,"A",0
"F",29,8,345,4,TRUE,"A",0
"F",29,8,356,2,TRUE,"A",0
"F",28,8,61,1,TRUE,"A",0
"F",36,9,182,8,TRUE,"A",0
"F",35,8,254,6,TRUE,"A",0
"F",35,8,260,3,TRUE,"A",0
"F",25,9,224,0,TRUE,"A",0
"F",30,8,243,19,TRUE,"A",1
"F",29,7,344,3,TRUE,"A",0
"F",29,8,268,0,TRUE,"A",0
"F",28,9,249,1,TRUE,"A",0
"F",31,8,364,6,TRUE,"A",0
"F",33,9,188,7,TRUE,"A",0
"F",26,8,178,0,TRUE,"A",0
"F",33,8,265,3,TRUE,"A",0
"F",32,9,262,11,TRUE,"A",0
"F",23,9,364,1,TRUE,"A",0
"F",22,9,181,4,TRUE,"A",0
"F",26,8,30,5,TRUE,"A",0
"F",35,8,217,17,TRUE,"A",0
"F",19,10,241,2,TRUE,"A",0
"F",30,9,33,7,TRUE,"A",0
"F",34,8,100,13,TRUE,"A",0
"F",21,8,205,0,TRUE,"A",0
"F",19,8,113,0,TRUE,"A",0
"F",29,8,194,4,TRUE,"A",0
"F",36,8,333,17,TRUE,"A",0
"F",24,8,167,1,TRUE,"A",0
"F",32,7,109,6,TRUE,"A",0
"F",37,7,245,0,TRUE,"A",1
"F",25,9,30,2,TRUE,"A",0
"F",27,8,327,1,TRUE,"A",0
"F",39,8,299,9,TRUE,"A",0
"F",20,8,176,3,TRUE,"A",0
"F",21,9,152,2,TRUE,"A",0
"F",29,8,311,3,TRUE,"A",0
"F",33,8,248,10,TRUE,"A",0
"F",34,8,364,13,TRUE,"A",0
"F",35,8,162,9,TRUE,"A",0
"F",29,8,170,2,TRUE,"A",0
"F",35,9,364,13,TRUE,"A",0
"F",21,9,251,0,TRUE,"A",0
"F",20,9,264,1,TRUE,"A",0
"F",19,8,30,0,TRUE,"A",0
"F",22,6,223,1,TRUE,"A",0
"F",35,8,276,3,TRUE,"A",0
"F",29,8,73,0,TRUE,"A",0
"F",30,8,257,9,TRUE,"A",0
"F",34,8,211,5,TRUE,"A",0
"F",39,8,212,11,TRUE,"A",0
"F",31,8,164,16,TRUE,"A",0
"F",20,8,309,0,TRUE,"A",0
"F",36,8,140,11,TRUE,"A",1
"F",26,8,356,3,TRUE,"A",0
"F",38,8,267,15,TRUE,"A",0
"F",25,8,117,2,TRUE,"A",0
"F",21,8,298,2,TRUE,"A",0
"F",24,9,30,1,TRUE,"A",1
"F",34,7,291,14,TRUE,"A",0
"F",36,8,277,6,TRUE,"A",1
"F",26,10,30,0,TRUE,"A",0
"F",34,8,188,3,TRUE,"A",0
"F",28,8,178,4,TRUE,"A",0
"F",23,8,162,0,TRUE,"A",0
"F",18,8,169,3,TRUE,"A",0
"F",28,8,58,3,TRUE,"A",0
"F",26,8,30,2,TRUE,"A",0
"F",36,8,30,12,TRUE,"A",0
"F",28,10,30,1,TRUE,"A",0
"F",27,7,327,1,TRUE,"A",0
"F",29,9,304,2,TRUE,"A",0
"F",26,8,85,0,TRUE,"A",0
"F",38,7,323,2,TRUE,"A",0
"F",22,8,177,3,TRUE,"A",0
"F",34,8,166,4,TRUE,"A",0
"F",26,8,364,3,TRUE,"A",0
"F",31,8,364,5,TRUE,"A",0
"F",39,9,275,14,TRUE,"A",0
"F",33,8,70,3,TRUE,"A",0
"F",33,9,219,3,TRUE,"A",1
"F",22,7,125,3,TRUE,"A",0
"F",39,8,163,13,TRUE,"A",0
"F",20,7,238,1,TRUE,"A",1
"F",32,9,192,11,TRUE,"A",0
"F",26,8,141,1,TRUE,"A",0
"F",31,8,199,11,TRUE,"A",0
"F",18,8,182,3,TRUE,"A",1
"F",24,9,220,2,TRUE,"A",0
"F",36,9,166,12,TRUE,"A",0
"F",25,8,113,4,TRUE,"A",0
"F",26,8,238,1,TRUE,"A",0
"F",36,8,225,6,TRUE,"A",0
"F",30,8,79,0,TRUE,"A",0
"F",37,8,164,19,TRUE,"A",0
"F",23,8,213,1,TRUE,"A",0
"F",36,8,192,11,TRUE,"A",0
"F",24,8,300,4,TRUE,"A",0
"F",32,10,266,4,TRUE,"A",0
"F",33,8,293,9,TRUE,"A",0
"F",35,8,215,17,TRUE,"A",1
"F",35,9,235,12,TRUE,"A",0
"F",20,8,248,2,TRUE,"A",1
"F",31,8,288,8,TRUE,"A",0
"F",27,8,132,0,TRUE,"A",0
"F",36,8,311,10,TRUE,"A",0
"F",29,7,364,2,TRUE,"A",0
"F",34,8,241,18,TRUE,"A",0
"F",31,8,138,12,TRUE,"A",0
"F",27,7,217,2,TRUE,"A",0
"F",35,8,209,6,TRUE,"A",0
"F",34,8,317,16,TRUE,"A",0
"F",28,8,267,0,TRUE,"A",0
"F",35,9,300,7,TRUE,"A",0
"F",36,8,359,5,TRUE,"A",0
"F",24,8,45,0,TRUE,"A",0
"F",38,8,103,16,TRUE,"A",0
"F",35,9,177,7,TRUE,"A",0
"F",28,7,94,2,TRUE,"A",0
"F",33,9,91,12,TRUE,"A",0
"F",27,8,165,3,TRUE,"A",0
"F",30,9,342,12,TRUE,"A",1
"F",31,8,219,5,TRUE,"A",0
"F",26,8,278,1,TRUE,"A",0
"F",30,8,159,13,TRUE,"A",0
"F",21,8,267,2,TRUE,"A",0
"F",31,8,343,7,TRUE,"A",0
"F",33,9,316,13,TRUE,"A",0
"F",28,9,182,2,TRUE,"A",0
"F",29,9,295,3,TRUE,"A",0
"F",30,7,30,16,TRUE,"A",0
"F",29,8,262,0,TRUE,"A",0
"F",22,9,154,3,TRUE,"A",0
"F",24,8,175,2,TRUE,"A",0
"F",36,7,30,15,TRUE,"A",0
"F",24,9,30,3,TRUE,"A",0
"F",28,8,364,2,TRUE,"A",0
"F",32,9,364,9,TRUE,"A",0
"F",35,7,171,7,TRUE,"A",0
"F",31,8,138,7,TRUE,"A",0
"F",38,9,202,10,TRUE,"A",0
"F",19,9,88,4,TRUE,"A",0
"F",33,8,30,14,TRUE,"A",0
"F",26,8,120,3,TRUE,"A",1
"F",36,7,149,4,TRUE,"A",0
"F",33,8,241,9,TRUE,"A",0
"F",20,8,345,1,TRUE,"A",0
"F",27,7,94,3,TRUE,"A",0
"F",37,8,326,7,TRUE,"A",0
"F",38,7,202,11,TRUE,"A",0
"F",28,8,135,1,TRUE,"A",0
"F",33,7,221,3,TRUE,"A",0
"F",25,8,184,2,TRUE,"A",0
"F",26,7,111,2,TRUE,"A",0
"F",22,7,141,2,TRUE,"A",0
"F",32,8,226,9,TRUE,"A",0
"F",32,8,364,7,TRUE,"A",0
"F",29,8,159,4,TRUE,"A",0
"F",30,8,187,14,TRUE,"A",0
"F",35,8,326,10,TRUE,"A",0
"F",33,8,337,10,TRUE,"A",0
"F",20,9,248,2,TRUE,"A",0
"F",38,8,245,0,TRUE,"A",0
"F",33,8,189,7,TRUE,"A",1
"F",26,8,98,0,TRUE,"A",0
"F",26,9,58,1,TRUE,"A",0
"F",28,6,239,0,TRUE,"A",0
"F",33,7,194,13,TRUE,"A",0
"F",22,8,96,0,TRUE,"A",0
"F",32,7,197,10,TRUE,"A",0
"F",34,8,55,10,TRUE,"A",0
"F",21,9,232,6,TRUE,"A",0
"F",26,8,68,0,TRUE,"A",0
"F",35,8,91,5,TRUE,"A",0
"F",19,9,276,3,TRUE,"A",0
"F",37,8,204,8,TRUE,"A",0
"F",21,7,30,2,TRUE,"A",0
"F",31,7,175,5,TRUE,"A",0
"F",37,9,296,5,TRUE,"A",0
"F",30,8,157,2,TRUE,"A",0
"F",33,7,251,8,TRUE,"A",0
"F",38,8,169,11,TRUE,"A",1
"F",35,9,364,12,TRUE,"A",0
"F",20,8,193,2,TRUE,"A",0
"F",28,8,217,1,TRUE,"A",1
"F",32,8,295,9,TRUE,"A",0
"F",25,7,199,4,TRUE,"A",0
"F",34,8,210,9,TRUE,"A",1
"F",34,9,187,0,TRUE,"A",0
"F",23,8,326,6,TRUE,"A",0
"F",25,8,176,2,TRUE,"A",0
"F",26,9,317,4,TRUE,"A",0
"F",19,8,281,3,TRUE,"A",1
"F",38,10,351,7,TRUE,"A",0
"F",22,7,70,1,TRUE,"A",1
"F",28,7,30,2,TRUE,"A",0
"F",24,10,108,0,TRUE,"A",0
"F",33,8,87,4,TRUE,"A",0
"F",32,10,326,7,TRUE,"A",0
"F",33,7,281,10,TRUE,"A",0
"F",23,9,64,0,TRUE,"A",0
"F",23,7,42,3,TRUE,"A",0
"F",38,8,243,10,TRUE,"A",0
"F",21,8,126,0,TRUE,"A",1
"F",30,7,364,5,TRUE,"A",0
"F",24,8,228,1,TRUE,"A",0
"F",18,8,173,3,TRUE,"A",0
"F",35,8,246,21,TRUE,"A",0
"F",23,8,74,1,TRUE,"A",0
"F",34,8,108,6,TRUE,"A",0
"F",38,9,236,6,TRUE,"A",0
"F",35,8,301,7,TRUE,"A",0
"F",22,9,141,1,TRUE,"A",1
"F",36,8,166,19,TRUE,"A",0
"F",26,8,353,4,TRUE,"A",1
"F",30,8,149,9,TRUE,"A",0
"F",37,7,261,16,TRUE,"A",0
"F",20,8,263,0,TRUE,"A",0
"F",27,9,164,1,TRUE,"A",1
"F",31,8,312,10,TRUE,"A",0
"F",25,7,364,0,TRUE,"A",0
"F",34,8,333,12,TRUE,"A",0
"F",21,8,242,0,TRUE,"A",1
"F",33,8,153,4,TRUE,"A",0
"F",33,8,83,16,TRUE,"A",0
"F",23,8,224,4,TRUE,"A",0
"F",24,8,295,2,TRUE,"A",0
"F",35,8,176,8,TRUE,"A",0
"F",23,7,111,2,TRUE,"A",0
"F",29,8,364,1,TRUE,"A",0
"F",35,8,321,1,TRUE,"B",1
"F",30,9,187,14,TRUE,"B",0
"F",24,8,222,0,TRUE,"B",0
"F",33,8,249,7,TRUE,"B",0
"F",33,8,30,6,TRUE,"B",0
"F",31,8,144,5,TRUE,"B",1
"F",29,8,196,5,TRUE,"B",0
"F",31,9,203,9,TRUE,"B",0
"F",32,9,30,12,TRUE,"B",0
"F",34,8,267,16,TRUE,"B",0
"F",30,9,364,0,TRUE,"B",0
"F",32,8,299,4,TRUE,"B",1
"F",37,8,351,16,TRUE,"B",0
"F",38,8,364,13,TRUE,"B",0
"F",26,9,146,1,TRUE,"B",1
"F",34,8,45,8,TRUE,"B",0
"F",35,7,216,4,TRUE,"B",1
"F",35,8,247,13,TRUE,"B",1
"F",20,8,82,3,TRUE,"B",0
"F",35,7,303,19,TRUE,"B",0
"F",36,8,289,10,TRUE,"B",0
"F",23,8,167,3,TRUE,"B",0
"F",35,7,141,2,TRUE,"B",0
"F",35,9,364,12,TRUE,"B",1
"F",39,9,160,3,TRUE,"B",0
"F",25,8,351,4,TRUE,"B",0
"F",30,7,364,17,TRUE,"B",0
"F",23,8,30,3,TRUE,"B",0
"F",22,8,127,2,TRUE,"B",0
"F",36,8,316,13,TRUE,"B",0
"F",36,7,42,0,TRUE,"B",0
"F",35,9,183,10,TRUE,"B",0
"F",32,8,188,14,TRUE,"B",1
"F",32,9,264,9,TRUE,"B",0
"F",26,8,252,2,TRUE,"B",0
"F",25,8,303,1,TRUE,"B",0
"F",33,8,180,11,TRUE,"B",1
"F",25,8,30,2,TRUE,"B",0
"F",31,8,137,15,TRUE,"B",0
"F",34,8,202,3,TRUE,"B",1
"F",35,7,56,13,TRUE,"B",0
"F",36,8,185,7,TRUE,"B",0
"F",27,8,168,3,TRUE,"B",1
"F",35,7,260,8,TRUE,"B",0
"F",33,7,231,12,TRUE,"B",0
"F",38,8,168,2,TRUE,"B",1
"F",27,7,30,4,TRUE,"B",0
"F",32,8,140,6,TRUE,"B",0
"F",21,7,260,3,TRUE,"B",0
"F",35,8,364,10,TRUE,"B",0
"F",27,8,30,3,TRUE,"B",0
"F",34,8,364,12,TRUE,"B",0
"F",35,8,145,17,TRUE,"B",0
"F",33,8,30,13,TRUE,"B",0
"F",20,9,263,0,TRUE,"B",0
"F",21,9,152,4,TRUE,"B",1
"F",36,8,231,8,TRUE,"B",0
"F",28,7,210,3,TRUE,"B",0
"F",30,8,73,13,TRUE,"B",0
"F",26,8,48,3,TRUE,"B",0
"F",32,8,177,0,TRUE,"B",1
"F",36,8,30,10,TRUE,"B",0
"F",32,8,244,10,TRUE,"B",0
"F",24,8,70,4,TRUE,"B",0
"F",30,9,135,11,TRUE,"B",0
"F",32,7,114,0,TRUE,"B",1
"F",26,7,364,3,TRUE,"B",0
"F",27,8,119,1,TRUE,"B",0
"F",35,8,51,5,TRUE,"B",0
"F",20,8,215,0,TRUE,"B",0
"F",20,7,224,2,TRUE,"B",0
"F",22,7,158,0,TRUE,"B",0
"F",22,9,113,5,TRUE,"B",0
"F",34,8,219,6,TRUE,"B",1
"F",24,8,143,3,TRUE,"B",0
"F",30,9,364,4,TRUE,"B",0
"F",36,9,169,6,TRUE,"B",0
"F",32,8,169,12,TRUE,"B",0
"F",28,8,364,5,TRUE,"B",0
"F",23,7,248,2,TRUE,"B",0
"F",22,7,223,2,TRUE,"B",1
"F",39,9,117,12,TRUE,"B",0
"F",21,8,116,3,TRUE,"B",1
"F",38,7,229,15,TRUE,"B",0
"F",24,8,311,4,TRUE,"B",0
"F",23,8,121,1,TRUE,"B",0
"F",25,7,63,3,TRUE,"B",0
"F",24,8,211,4,TRUE,"B",0
"F",29,9,154,0,TRUE,"B",0
"F",37,7,114,4,TRUE,"B",0
"F",25,8,285,2,TRUE,"B",0
"F",33,7,214,11,TRUE,"B",0
"F",32,8,312,20,TRUE,"B",0
"F",23,8,248,3,TRUE,"B",1
"F",34,8,30,8,TRUE,"B",0
"F",25,8,182,1,TRUE,"B",0
"F",36,8,98,4,TRUE,"B",0
"F",24,8,108,2,TRUE,"B",0
"F",23,9,364,3,TRUE,"B",1
"F",25,8,364,1,TRUE,"B",0
"F",30,9,170,5,TRUE,"B",0
"F",28,8,30,4,TRUE,"B",0
"F",33,8,364,7,TRUE,"B",0
"F",39,8,222,9,TRUE,"B",1
"F",26,7,132,1,TRUE,"B",0
"F",26,7,32,1,TRUE,"B",0
"F",25,9,336,5,TRUE,"B",0
"F",23,8,30,3,TRUE,"B",0
"F",21,8,134,4,TRUE,"B",0
"F",35,9,300,5,TRUE,"B",0
"F",26,7,156,4,TRUE,"B",0
"F",31,9,259,16,TRUE,"B",0
"F",35,8,30,0,TRUE,"B",0
"F",37,9,364,13,TRUE,"B",0
"F",33,8,154,10,TRUE,"B",1
"F",37,7,211,9,TRUE,"B",0
"F",32,8,112,6,TRUE,"B",0
"F",31,8,293,8,TRUE,"B",0
"F",33,8,104,14,TRUE,"B",0
"F",38,8,30,8,TRUE,"B",0
"F",35,8,187,20,TRUE,"B",0
"F",38,9,138,12,TRUE,"B",0
"F",24,7,240,0,TRUE,"B",0
"F",34,8,137,4,TRUE,"B",1
"F",27,8,326,1,TRUE,"B",0
"F",29,7,298,3,TRUE,"B",0
"F",37,9,58,7,TRUE,"B",0
"F",26,8,143,1,TRUE,"B",0
"F",27,8,221,4,TRUE,"B",0
"F",38,9,236,10,TRUE,"B",0
"F",35,8,166,8,TRUE,"B",0
"F",36,8,181,8,TRUE,"B",0
"F",22,7,150,5,TRUE,"B",0
"F",22,8,304,3,TRUE,"B",1
"F",29,9,73,3,TRUE,"B",0
"F",23,9,113,2,TRUE,"B",0
"F",26,9,146,4,TRUE,"B",0
"F",26,9,249,2,TRUE,"B",0
"F",31,8,30,8,TRUE,"B",1
"F",27,8,210,2,TRUE,"B",0
"F",26,7,151,3,TRUE,"B",0
"F",35,8,164,11,TRUE,"B",0
"F",23,8,143,2,TRUE,"B",0
"F",38,8,158,5,TRUE,"B",0
"F",39,9,316,11,TRUE,"B",0
"F",22,8,136,4,TRUE,"B",0
"F",25,8,198,0,TRUE,"B",0
"F",35,8,196,14,TRUE,"B",0
"F",38,8,216,2,TRUE,"B",0
"F",35,9,314,4,TRUE,"B",0
"F",28,7,281,1,TRUE,"B",1
"F",32,7,106,10,TRUE,"B",0
"F",34,9,264,7,TRUE,"B",0
"F",24,8,127,4,TRUE,"B",0
"F",36,8,100,18,TRUE,"B",0
"F",32,8,140,5,TRUE,"B",0
"F",35,8,164,8,TRUE,"B",0
"F",34,8,72,13,TRUE,"B",0
"F",26,8,147,0,TRUE,"B",0
"F",31,8,156,0,TRUE,"B",0
"F",27,8,263,0,TRUE,"B",1
"F",38,7,286,14,TRUE,"B",0
"F",36,7,30,7,TRUE,"B",0
"F",37,8,71,12,TRUE,"B",0
"F",23,9,164,3,TRUE,"B",0
"F",26,8,294,2,TRUE,"B",0
"F",27,8,168,2,TRUE,"B",0
"F",37,8,244,3,TRUE,"B",0
"F",34,8,284,14,TRUE,"B",1
"F",30,8,246,9,TRUE,"B",0
"F",32,7,164,0,TRUE,"B",0
"F",29,8,319,1,TRUE,"B",0
"F",30,7,328,15,TRUE,"B",0
"F",28,8,120,3,TRUE,"B",0
"F",34,7,30,4,TRUE,"B",0
"F",36,8,182,7,TRUE,"B",0
"F",35,8,84,8,TRUE,"B",0
"F",25,7,227,2,TRUE,"B",0
"F",36,7,66,7,TRUE,"B",0
"F",18,8,30,0,TRUE,"B",0
"F",37,8,323,4,TRUE,"B",0
"F",35,8,134,12,TRUE,"B",0
"F",36,8,239,3,TRUE,"B",1
"F",23,7,65,3,TRUE,"B",0
"F",26,8,91,3,TRUE,"B",0
"F",22,6,321,1,TRUE,"B",0
"F",19,7,105,1,TRUE,"B",0
"F",32,8,152,19,TRUE,"B",0
"F",33,8,364,15,TRUE,"B",0
"F",37,9,297,8,TRUE,"B",0
"F",26,7,256,0,TRUE,"B",0
"F",25,8,96,0,TRUE,"B",0
"F",33,9,226,10,TRUE,"B",0
"F",22,7,30,2,TRUE,"B",1
"F",25,8,284,3,TRUE,"B",0
"F",39,8,252,4,TRUE,"B",0
"F",26,7,147,1,TRUE,"B",0
"F",26,8,268,3,TRUE,"B",0
"F",23,8,141,1,TRUE,"B",0
"F",30,8,299,6,TRUE,"B",0
"F",33,8,65,11,TRUE,"B",0
"F",23,8,83,2,TRUE,"B",1
"F",34,8,260,12,TRUE,"B",1
"F",31,8,335,12,TRUE,"B",0
"F",32,7,173,14,TRUE,"B",0
"F",35,8,199,12,TRUE,"B",0
"F",39,7,252,7,TRUE,"B",0
"F",21,8,273,5,TRUE,"B",0
"F",25,9,207,0,TRUE,"B",1
"F",20,8,139,4,TRUE,"B",0
"F",23,9,194,1,TRUE,"B",0
"F",26,8,221,0,TRUE,"B",0
"F",30,8,31,8,TRUE,"B",0
"F",27,7,321,1,TRUE,"B",0
"F",32,8,141,14,TRUE,"B",0
"F",35,9,288,10,TRUE,"B",0
"F",28,9,134,6,TRUE,"B",0
"F",22,8,330,2,TRUE,"B",0
"F",34,9,264,13,TRUE,"B",0
"F",35,9,223,19,TRUE,"B",0
"F",36,8,187,11,TRUE,"B",0
"F",35,8,160,18,TRUE,"B",0
"F",35,8,209,15,TRUE,"B",0
"F",27,8,73,3,TRUE,"B",0
"F",36,8,298,5,TRUE,"B",0
"F",21,8,209,0,TRUE,"B",1
"F",20,8,209,0,TRUE,"B",0
"F",31,9,279,8,TRUE,"B",0
"F",37,8,244,10,TRUE,"B",0
"F",21,8,169,6,TRUE,"B",0
"F",33,9,279,3,TRUE,"B",0
"F",32,9,135,7,TRUE,"B",0
"F",34,8,139,8,TRUE,"B",0
"F",24,8,30,1,TRUE,"B",0
"F",38,7,196,14,TRUE,"B",0
"F",30,8,147,10,TRUE,"B",0
"F",24,7,150,0,TRUE,"B",0
"F",36,9,178,12,TRUE,"B",0
"F",38,8,222,13,TRUE,"B",0
"F",26,9,293,1,TRUE,"B",0
"F",29,9,313,0,TRUE,"B",0
"F",32,8,185,8,TRUE,"B",1
"F",25,9,229,1,TRUE,"B",0
"F",36,8,172,10,TRUE,"B",0
"F",38,9,54,3,TRUE,"B",0
"F",31,9,43,0,TRUE,"B",0
"F",30,7,239,9,TRUE,"B",0
"F",23,7,30,3,TRUE,"B",0
"F",22,8,30,5,TRUE,"B",0
"F",31,8,306,11,TRUE,"B",0
"F",22,8,277,3,TRUE,"B",1
"F",33,8,247,0,TRUE,"B",1
"F",31,8,162,4,TRUE,"B",0
"F",34,7,30,12,TRUE,"B",0
"F",26,10,168,2,TRUE,"B",0
"F",37,8,346,4,TRUE,"B",0
"F",21,9,215,4,TRUE,"B",0
"F",19,8,364,1,TRUE,"B",0
"F",22,9,313,1,TRUE,"B",0
"F",34,8,81,6,TRUE,"B",0
"F",23,8,230,0,TRUE,"B",0
"F",30,8,30,11,TRUE,"B",0
"F",34,8,117,8,TRUE,"B",0
"F",29,8,233,0,TRUE,"B",0
"F",19,9,30,2,TRUE,"B",0
"F",35,10,364,13,TRUE,"B",1
"F",32,8,257,13,TRUE,"B",0
"F",26,7,213,1,TRUE,"B",0
"F",30,8,198,10,TRUE,"B",1
"F",24,8,309,0,TRUE,"B",0
"F",36,8,205,15,TRUE,"B",0
"F",36,8,155,13,TRUE,"B",0
"F",31,8,264,0,TRUE,"B",0
"F",24,8,257,1,TRUE,"B",0
"F",37,8,115,2,TRUE,"B",1
"F",31,8,235,1,TRUE,"B",0
"F",35,8,266,10,TRUE,"B",0
"F",35,8,229,13,TRUE,"B",0
"F",31,7,279,18,TRUE,"B",0
"F",32,9,210,15,TRUE,"B",1
"F",25,8,128,1,TRUE,"B",0
"F",30,7,80,8,TRUE,"B",0
"F",36,8,247,5,TRUE,"B",0
"F",26,10,301,5,TRUE,"B",0
"F",35,8,132,4,TRUE,"B",0
"F",22,8,222,4,TRUE,"B",0
"F",29,8,103,3,TRUE,"B",0
"F",33,8,273,12,TRUE,"B",0
"F",31,8,170,12,TRUE,"B",0
"F",30,7,166,12,TRUE,"B",1
"F",33,8,266,6,TRUE,"B",0
"F",39,7,290,11,TRUE,"B",0
"F",33,9,135,13,TRUE,"B",0
"F",18,7,176,3,TRUE,"B",0
"F",34,8,257,0,TRUE,"B",1
"F",36,8,272,2,TRUE,"B",0
"F",18,8,265,3,TRUE,"B",0
"F",33,7,310,11,TRUE,"B",0
"F",23,8,49,3,TRUE,"B",1
"F",21,8,270,1,TRUE,"B",0
"F",36,8,230,0,TRUE,"B",0
"F",21,7,61,6,TRUE,"B",0
"F",38,7,156,4,TRUE,"B",0
"F",21,7,235,2,TRUE,"B",0
"F",25,8,364,2,TRUE,"B",0
"F",26,8,30,3,TRUE,"B",0
"F",34,9,191,9,TRUE,"B",0
"F",34,9,81,6,TRUE,"B",0
"F",37,8,161,8,TRUE,"B",0
"F",34,9,176,3,TRUE,"B",0
"F",24,8,364,1,TRUE,"B",0
"F",29,7,140,3,TRUE,"B",0
"F",34,8,87,11,TRUE,"B",0
"F",38,8,356,13,TRUE,"B",1
"F",33,7,192,12,TRUE,"B",0
"F",24,7,201,3,TRUE,"B",0
"F",19,9,210,1,TRUE,"B",0
"F",18,8,344,4,TRUE,"B",0
"F",22,7,87,3,TRUE,"B",0
"F",21,7,30,2,TRUE,"B",0
"F",21,8,169,0,TRUE,"B",0
"F",37,7,180,11,TRUE,"B",0
"F",34,9,97,17,TRUE,"B",0
"F",26,7,134,0,TRUE,"B",0
"F",21,9,131,0,TRUE,"B",0
"F",30,7,224,11,TRUE,"B",0
"F",25,8,134,2,TRUE,"B",0
"F",39,8,173,4,TRUE,"B",0
"F",24,7,102,3,TRUE,"B",0
"F",32,9,70,13,TRUE,"B",0
"F",26,9,344,1,TRUE,"B",0
"F",23,9,259,0,TRUE,"B",0
"F",37,8,220,2,TRUE,"B",0
"F",33,8,104,5,TRUE,"B",0
"F",25,9,269,3,TRUE,"B",0
"F",33,9,224,8,TRUE,"B",0
"F",34,9,364,5,TRUE,"B",0
"F",22,7,102,1,TRUE,"B",0
"F",23,9,120,0,TRUE,"B",0
"F",21,8,296,0,TRUE,"B",0
"F",28,7,229,5,TRUE,"B",0
"F",35,9,100,2,TRUE,"B",0
"F",31,7,30,10,TRUE,"B",0
"F",35,8,88,7,TRUE,"B",0
"F",22,10,211,4,TRUE,"B",0
"F",27,9,272,3,TRUE,"B",1
"F",38,9,307,15,TRUE,"B",0
"F",34,9,128,10,TRUE,"B",0
"F",34,8,301,14,TRUE,"B",1
"F",33,7,103,5,TRUE,"B",0
"F",34,7,350,16,TRUE,"B",0
"F",34,8,331,7,TRUE,"B",1
"F",31,7,182,6,TRUE,"B",0
"F",31,7,154,0,TRUE,"B",0
"F",29,8,173,3,TRUE,"B",1
"F",25,7,194,0,TRUE,"B",0
"F",36,9,179,10,TRUE,"B",0
"F",30,9,163,11,TRUE,"B",0
"F",32,7,349,11,TRUE,"B",0
"F",28,8,153,2,TRUE,"B",0
"F",36,9,207,8,TRUE,"B",0
"F",34,7,312,2,TRUE,"B",1
"F",20,8,58,1,TRUE,"B",0
"F",29,8,89,2,TRUE,"B",0
"F",36,8,104,23,TRUE,"B",0
"F",37,9,364,3,TRUE,"B",1
"F",36,8,170,9,TRUE,"B",0
"F",37,8,308,1,TRUE,"B",0
"F",35,8,55,17,TRUE,"B",0
"F",23,7,348,1,TRUE,"B",0
"F",27,7,30,1,TRUE,"B",0
"F",35,9,260,2,TRUE,"B",0
"F",38,9,191,1,TRUE,"B",0
"F",34,8,138,0,TRUE,"B",1
"F",33,8,309,0,TRUE,"B",0
"F",26,7,86,2,TRUE,"B",0
"F",27,8,120,2,TRUE,"B",0
"F",34,8,30,13,TRUE,"B",0
"F",22,8,326,2,TRUE,"B",0
"F",27,8,189,1,TRUE,"B",0
"F",35,8,48,0,TRUE,"B",0
"F",23,8,291,0,TRUE,"B",0
"F",33,8,310,17,TRUE,"B",0
"F",24,9,186,2,TRUE,"B",1
"F",32,8,200,0,TRUE,"B",0
"F",20,7,301,1,TRUE,"B",0
"F",38,8,238,22,TRUE,"B",0
"F",26,9,234,1,TRUE,"B",0
"F",23,8,116,1,TRUE,"B",0
"F",33,8,217,17,TRUE,"B",1
"F",31,8,255,6,TRUE,"B",0
"F",37,8,196,7,TRUE,"B",0
"F",33,8,300,23,TRUE,"B",0
"F",33,8,115,5,TRUE,"B",0
"F",22,8,171,1,TRUE,"B",0
"F",32,8,364,11,TRUE,"B",0
"F",35,8,316,4,TRUE,"B",0
"F",26,8,364,0,TRUE,"B",0
"F",30,8,30,14,TRUE,"B",0
"F",20,7,132,0,TRUE,"B",0
"F",19,8,125,1,TRUE,"B",0
"F",18,8,109,2,TRUE,"B",0
"F",27,8,74,3,TRUE,"B",0
"F",29,8,354,0,TRUE,"B",1
"F",25,9,176,2,TRUE,"B",0
"F",36,8,364,7,TRUE,"B",0
"F",21,8,95,2,TRUE,"B",0
"F",34,9,242,14,TRUE,"B",1
"F",34,7,222,15,TRUE,"B",0
"F",35,8,227,10,TRUE,"B",0
"F",29,7,33,1,TRUE,"B",0
"F",35,8,269,12,TRUE,"B",0
"F",43,3,79,16,FALSE,"A",0
"F",45,3,65,65,FALSE,"A",0
"F",53,2,276,116,FALSE,"A",0
"F",45,4,219,24,FALSE,"A",0
"F",44,3,240,56,FALSE,"A",1
"F",64,2,30,30,FALSE,"A",0
"F",43,3,104,28,FALSE,"A",0
"F",52,1,284,97,FALSE,"A",0
"F",39,2,30,30,FALSE,"A",0
"F",43,3,155,60,FALSE,"A",0
"F",48,3,348,29,FALSE,"A",0
"F",51,1,303,124,FALSE,"A",0
"F",36,3,30,29,FALSE,"A",0
"F",60,2,334,77,FALSE,"A",0
"F",45,3,360,62,FALSE,"A",0
"F",47,3,84,1,FALSE,"A",0
"F",54,2,236,162,FALSE,"A",0
"F",43,3,146,43,FALSE,"A",0
"F",44,2,176,40,FALSE,"A",0
"F",43,3,41,33,FALSE,"A",0
"F",41,2,273,29,FALSE,"A",1
"F",40,2,283,27,FALSE,"A",1
"F",41,2,333,63,FALSE,"A",0
"F",46,3,46,19,FALSE,"A",0
"F",48,3,95,26,FALSE,"A",0
"F",39,3,30,30,FALSE,"A",0
"F",37,3,184,27,FALSE,"A",0
"F",61,1,293,79,FALSE,"A",0
"F",44,3,109,24,FALSE,"A",0
"F",64,2,150,7,FALSE,"A",0
"F",45,3,211,18,FALSE,"A",0
"F",61,1,363,68,FALSE,"A",0
"F",50,3,264,5,FALSE,"A",0
"F",45,3,122,30,FALSE,"A",0
"F",60,1,132,132,FALSE,"A",0
"F",53,2,229,32,FALSE,"A",0
"F",53,2,30,30,FALSE,"A",0
"F",65,3,188,17,FALSE,"A",0
"F",38,3,147,23,FALSE,"A",0
"F",50,3,233,61,FALSE,"A",0
"F",41,4,178,59,FALSE,"A",0
"F",47,4,365,42,FALSE,"A",0
"F",42,3,82,33,FALSE,"A",0
"F",41,3,81,55,FALSE,"A",0
"F",61,2,108,22,FALSE,"A",0
"F",49,2,243,32,FALSE,"A",0
"F",65,2,48,48,FALSE,"A",0
"F",53,3,30,30,FALSE,"A",0
"F",45,3,92,22,FALSE,"A",0
"F",54,2,231,95,FALSE,"A",0
"F",40,3,219,58,FALSE,"A",0
"F",37,3,317,61,FALSE,"A",0
"F",63,1,186,120,FALSE,"A",0
"F",65,2,263,84,FALSE,"A",0
"F",63,2,50,35,FALSE,"A",0
"F",44,3,158,24,FALSE,"A",0
"F",53,2,150,77,FALSE,"A",0
"F",45,3,211,61,FALSE,"A",0
"F",46,2,318,28,FALSE,"A",0
"F",56,2,363,134,FALSE,"A",0
"F",41,3,144,23,FALSE,"A",0
"F",59,1,227,64,FALSE,"A",0
"F",54,1,157,111,FALSE,"A",0
"F",61,1,213,43,FALSE,"A",0
"F",43,3,104,24,FALSE,"A",0
"F",48,2,30,21,FALSE,"A",0
"F",51,1,184,90,FALSE,"A",0
"F",39,2,164,50,FALSE,"A",0
"F",53,1,258,89,FALSE,"A",1
"F",44,4,222,31,FALSE,"A",0
"F",54,1,235,61,FALSE,"A",0
"F",59,1,191,54,FALSE,"A",0
"F",43,3,252,43,FALSE,"A",0
"F",61,1,278,47,FALSE,"A",0
"F",58,2,30,30,FALSE,"A",0
"F",41,3,201,43,FALSE,"A",1
"F",40,3,178,36,FALSE,"A",0
"F",65,2,154,80,FALSE,"A",0
"F",55,1,220,72,FALSE,"A",0
"F",57,2,363,60,FALSE,"A",0
"F",41,3,30,12,FALSE,"A",0
"F",58,1,131,118,FALSE,"A",0
"F",50,2,210,33,FALSE,"A",0
"F",51,1,30,30,FALSE,"A",0
"F",63,1,157,45,FALSE,"A",0
"F",48,3,182,25,FALSE,"A",0
"F",60,1,363,117,FALSE,"A",0
"F",58,1,124,87,FALSE,"A",0
"F",47,3,104,51,FALSE,"A",0
"F",56,2,65,50,FALSE,"A",0
"F",53,2,363,59,FALSE,"A",0
"F",44,3,357,30,FALSE,"A",0
"F",37,2,317,44,FALSE,"A",0
"F",59,2,246,73,FALSE,"A",1
"F",62,2,143,25,FALSE,"A",0
"F",60,2,178,162,FALSE,"A",0
"F",51,2,101,65,FALSE,"A",0
"F",40,3,263,13,FALSE,"A",0
"F",59,2,144,54,FALSE,"A",0
"F",56,2,205,60,FALSE,"A",0
"F",53,1,216,119,FALSE,"A",0
"F",36,2,30,30,FALSE,"A",0
"F",47,3,365,38,FALSE,"A",0
"F",50,3,164,31,FALSE,"A",0
"F",45,3,229,52,FALSE,"A",0
"F",48,2,193,48,FALSE,"A",0
"F",39,3,262,25,FALSE,"A",1
"F",45,3,291,46,FALSE,"A",0
"F",42,2,70,43,FALSE,"A",0
"F",42,3,254,32,FALSE,"A",0
"F",55,2,363,81,FALSE,"A",1
"F",51,2,51,51,FALSE,"A",0
"F",37,4,165,33,FALSE,"A",0
"F",41,3,69,55,FALSE,"A",0
"F",53,2,213,46,FALSE,"A",0
"F",42,3,30,17,FALSE,"A",1
"F",42,2,146,23,FALSE,"A",0
"F",57,2,255,156,FALSE,"A",1
"F",51,3,174,105,FALSE,"A",0
"F",39,3,137,23,FALSE,"A",0
"F",45,3,51,41,FALSE,"A",0
"F",37,3,276,43,FALSE,"A",0
"F",51,2,149,60,FALSE,"A",0
"F",39,3,326,52,FALSE,"A",0
"F",55,2,138,95,FALSE,"A",0
"F",61,1,121,120,FALSE,"A",0
"F",65,1,153,110,FALSE,"A",0
"F",55,2,132,81,FALSE,"A",0
"F",47,3,278,36,FALSE,"A",0
"F",61,1,61,61,FALSE,"A",0
"F",46,2,243,18,FALSE,"A",0
"F",55,2,97,66,FALSE,"A",0
"F",59,3,363,88,FALSE,"A",0
"F",60,2,171,70,FALSE,"A",0
"F",64,2,30,30,FALSE,"A",0
"F",56,2,211,68,FALSE,"A",0
"F",44,3,215,40,FALSE,"A",0
"F",44,2,219,22,FALSE,"A",1
"F",41,2,45,25,FALSE,"A",0
"F",47,3,279,9,FALSE,"A",0
"F",43,3,107,52,FALSE,"A",0
"F",64,1,164,129,FALSE,"A",0
"F",47,3,188,54,FALSE,"A",0
"F",43,2,162,12,FALSE,"A",0
"F",44,2,37,17,FALSE,"A",1
"F",61,2,287,73,FALSE,"A",0
"F",53,1,241,57,FALSE,"A",0
"F",59,2,202,109,FALSE,"A",0
"F",41,4,283,22,FALSE,"A",0
"F",51,2,203,74,FALSE,"A",0
"F",51,2,197,37,FALSE,"A",0
"F",44,3,178,33,FALSE,"A",0
"F",56,1,135,96,FALSE,"A",0
"F",41,3,352,44,FALSE,"A",0
"F",53,2,62,62,FALSE,"A",0
"F",43,3,74,42,FALSE,"A",0
"F",53,2,135,15,FALSE,"A",0
"F",55,2,363,45,FALSE,"A",0
"F",59,2,193,89,FALSE,"A",0
"F",57,2,30,30,FALSE,"A",0
"F",39,2,238,45,FALSE,"A",0
"F",58,1,116,115,FALSE,"A",0
"F",43,3,161,10,FALSE,"A",0
"F",58,1,328,65,FALSE,"A",0
"F",48,2,324,37,FALSE,"A",0
"F",61,1,149,96,FALSE,"A",0
"F",43,3,229,36,FALSE,"A",0
"F",57,1,277,76,FALSE,"A",0
"F",45,3,262,60,FALSE,"A",0
"F",56,2,238,35,FALSE,"A",0
"F",43,3,89,15,FALSE,"A",0
"F",63,1,245,130,FALSE,"A",0
"F",45,4,354,57,FALSE,"A",0
"F",44,4,277,26,FALSE,"A",0
"F",42,3,30,30,FALSE,"A",0
"F",64,3,57,57,FALSE,"A",0
"F",62,2,173,162,FALSE,"A",0
"F",43,3,191,44,FALSE,"A",0
"F",65,2,204,87,FALSE,"A",0
"F",58,1,94,94,FALSE,"A",0
"F",39,4,131,44,FALSE,"A",1
"F",60,2,180,73,FALSE,"A",0
"F",52,2,293,88,FALSE,"A",0
"F",63,2,363,112,FALSE,"A",0
"F",42,2,95,50,FALSE,"A",0
"F",46,4,68,49,FALSE,"A",0
"F",48,3,221,28,FALSE,"A",0
"F",39,3,112,41,FALSE,"A",0
"F",61,2,129,102,FALSE,"A",0
"F",38,3,190,40,FALSE,"A",0
"F",51,2,30,30,FALSE,"A",0
"F",39,3,210,43,FALSE,"A",0
"F",45,4,365,27,FALSE,"A",0
"F",46,4,62,31,FALSE,"A",0
"F",51,2,163,61,FALSE,"A",0
"F",51,1,243,40,FALSE,"A",1
"F",40,4,222,32,FALSE,"A",0
"F",44,2,236,20,FALSE,"A",0
"F",46,2,116,47,FALSE,"A",0
"F",46,3,30,30,FALSE,"A",0
"F",50,4,241,49,FALSE,"A",0
"F",42,4,180,22,FALSE,"A",0
"F",49,3,165,44,FALSE,"A",0
"F",56,2,226,80,FALSE,"A",0
"F",41,3,313,0,FALSE,"A",0
"F",46,3,164,20,FALSE,"A",0
"F",52,2,233,90,FALSE,"A",0
"F",58,2,166,102,FALSE,"A",0
"F",61,1,182,130,FALSE,"A",0
"F",57,1,142,142,FALSE,"A",0
"F",48,3,248,21,FALSE,"A",0
"F",55,3,198,128,FALSE,"A",0
"F",37,3,225,29,FALSE,"A",0
"F",44,3,79,25,FALSE,"A",0
"F",55,2,155,67,FALSE,"A",0
"F",65,2,217,142,FALSE,"A",0
"F",64,2,216,45,FALSE,"A",0
"F",36,3,233,32,FALSE,"A",0
"F",45,2,132,25,FALSE,"A",0
"F",47,3,30,30,FALSE,"A",0
"F",39,3,142,10,FALSE,"A",0
"F",58,2,116,104,FALSE,"A",0
"F",57,2,141,102,FALSE,"A",0
"F",53,2,245,100,FALSE,"A",0
"F",41,2,115,56,FALSE,"A",0
"F",62,1,88,70,FALSE,"A",1
"F",46,3,196,49,FALSE,"A",0
"F",53,2,169,51,FALSE,"A",0
"F",38,3,242,52,FALSE,"A",0
"F",49,4,65,48,FALSE,"A",0
"F",56,2,363,18,FALSE,"A",0
"F",48,3,148,51,FALSE,"A",0
"F",51,1,119,103,FALSE,"A",0
"F",39,3,286,47,FALSE,"A",0
"F",58,2,102,3,FALSE,"A",0
"F",49,3,127,47,FALSE,"A",0
"F",60,1,51,40,FALSE,"A",0
"F",37,2,30,30,FALSE,"A",0
"F",43,3,152,42,FALSE,"A",0
"F",62,2,99,51,FALSE,"A",0
"F",63,3,106,106,FALSE,"A",0
"F",59,2,180,58,FALSE,"A",0
"F",43,2,275,36,FALSE,"A",0
"F",57,3,92,44,FALSE,"A",0
"F",62,3,315,112,FALSE,"A",0
"F",65,1,293,45,FALSE,"A",0
"F",57,2,55,55,FALSE,"A",0
"F",65,2,30,30,FALSE,"A",0
"F",51,2,111,106,FALSE,"A",0
"F",59,1,163,89,FALSE,"A",0
"F",60,2,134,102,FALSE,"A",0
"F",38,3,206,32,FALSE,"A",0
"F",65,2,133,64,FALSE,"A",0
"F",56,3,44,44,FALSE,"A",0
"F",39,3,104,33,FALSE,"A",0
"F",43,3,30,25,FALSE,"A",0
"F",57,1,174,82,FALSE,"A",0
"F",51,1,363,115,FALSE,"A",1
"F",59,2,289,36,FALSE,"A",0
"F",44,3,30,19,FALSE,"A",0
"F",47,3,30,30,FALSE,"A",0
"F",56,2,164,112,FALSE,"A",0
"F",37,4,270,45,FALSE,"A",0
"F",50,4,168,36,FALSE,"A",0
"F",47,3,254,38,FALSE,"A",0
"F",62,2,30,30,FALSE,"A",0
"F",55,2,248,141,FALSE,"A",0
"F",46,3,39,19,FALSE,"A",0
"F",41,2,30,30,FALSE,"A",0
"F",63,2,127,60,FALSE,"A",0
"F",61,2,272,118,FALSE,"A",0
"F",44,2,30,8,FALSE,"A",0
"F",58,2,131,98,FALSE,"A",1
"F",41,4,286,32,FALSE,"A",0
"F",58,2,164,112,FALSE,"A",0
"F",57,2,223,116,FALSE,"A",0
"F",55,1,30,30,FALSE,"A",0
"F",44,3,279,17,FALSE,"A",0
"F",47,3,254,58,FALSE,"A",0
"F",39,3,365,20,FALSE,"A",0
"F",36,3,67,3,FALSE,"A",0
"F",40,3,305,39,FALSE,"A",1
"F",36,4,33,20,FALSE,"A",0
"F",61,1,99,77,FALSE,"A",0
"F",51,1,200,97,FALSE,"A",0
"F",56,3,30,30,FALSE,"A",1
"F",61,1,363,97,FALSE,"A",0
"F",48,3,219,4,FALSE,"A",0
"F",63,2,125,100,FALSE,"A",0
"F",39,3,150,50,FALSE,"A",0
"F",42,4,365,65,FALSE,"A",0
"F",56,2,104,12,FALSE,"A",0
"F",51,1,132,110,FALSE,"A",0
"F",60,1,30,30,FALSE,"A",0
"F",62,1,238,68,FALSE,"A",0
"F",40,4,30,30,FALSE,"A",1
"F",49,3,94,53,FALSE,"A",1
"F",62,2,332,134,FALSE,"A",0
"F",42,3,135,10,FALSE,"A",0
"F",51,2,149,83,FALSE,"A",1
"F",41,3,31,31,FALSE,"A",0
"F",46,3,30,30,FALSE,"A",0
"F",45,3,80,13,FALSE,"A",0
"F",59,1,171,126,FALSE,"A",0
"F",50,2,196,39,FALSE,"A",0
"F",59,1,359,118,FALSE,"A",0
"F",56,1,266,63,FALSE,"A",1
"F",56,1,175,66,FALSE,"A",0
"F",50,3,299,39,FALSE,"A",0
"F",48,2,168,9,FALSE,"A",0
"F",54,1,91,73,FALSE,"A",0
"F",57,1,36,36,FALSE,"A",0
"F",42,4,163,22,FALSE,"A",0
"F",43,2,155,40,FALSE,"A",0
"F",54,2,152,50,FALSE,"A",0
"F",54,2,230,81,FALSE,"A",0
"F",54,2,104,104,FALSE,"A",0
"F",44,4,151,26,FALSE,"A",0
"F",62,1,30,30,FALSE,"A",0
"F",59,1,30,30,FALSE,"A",0
"F",58,1,208,80,FALSE,"A",0
"F",53,1,215,34,FALSE,"A",0
"F",55,2,310,129,FALSE,"A",0
"F",55,1,161,102,FALSE,"A",0
"F",56,2,266,14,FALSE,"A",0
"F",59,1,192,83,FALSE,"A",0
"F",38,3,158,0,FALSE,"A",0
"F",54,1,30,30,FALSE,"A",0
"F",56,2,258,72,FALSE,"A",0
"F",42,3,52,21,FALSE,"A",0
"F",41,2,49,37,FALSE,"A",0
"F",59,2,58,58,FALSE,"A",0
"F",43,4,160,67,FALSE,"A",0
"F",42,3,235,38,FALSE,"A",0
"F",53,2,94,91,FALSE,"A",0
"F",63,1,134,134,FALSE,"A",0
"F",55,2,213,35,FALSE,"A",0
"F",45,3,247,28,FALSE,"A",0
"F",64,2,142,48,FALSE,"A",0
"F",56,2,49,49,FALSE,"A",0
"F",63,2,224,116,FALSE,"A",0
"F",64,1,139,43,FALSE,"A",0
"F",44,3,146,56,FALSE,"A",0
"F",43,2,88,34,FALSE,"A",0
"F",54,2,115,65,FALSE,"A",0
"F",48,2,141,29,FALSE,"A",0
"F",43,3,320,26,FALSE,"A",0
"F",44,2,88,5,FALSE,"A",0
"F",57,2,102,102,FALSE,"A",0
"F",42,3,207,27,FALSE,"A",0
"F",63,3,87,32,FALSE,"A",0
"F",40,4,84,59,FALSE,"A",0
"F",53,2,278,148,FALSE,"A",0
"F",59,2,291,123,FALSE,"A",0
"F",65,3,96,76,FALSE,"A",0
"F",56,2,339,85,FALSE,"A",0
"F",43,3,196,20,FALSE,"A",0
"F",48,2,193,31,FALSE,"A",0
"F",56,1,323,113,FALSE,"A",0
"F",36,3,252,2,FALSE,"A",0
"F",52,1,224,66,FALSE,"A",0
"F",45,3,319,39,FALSE,"A",0
"F",52,2,297,110,FALSE,"A",0
"F",56,1,98,73,FALSE,"A",0
"F",41,4,365,24,FALSE,"A",0
"F",55,1,30,30,FALSE,"A",0
"F",58,1,200,104,FALSE,"A",0
"F",41,3,188,39,FALSE,"A",0
"F",51,1,198,104,FALSE,"A",0
"F",59,2,191,21,FALSE,"A",0
"F",38,2,263,35,FALSE,"A",1
"F",63,1,303,112,FALSE,"A",0
"F",54,1,254,40,FALSE,"A",0
"F",57,1,191,65,FALSE,"A",0
"F",65,2,256,96,FALSE,"A",1
"F",45,2,41,28,FALSE,"A",0
"F",57,2,169,150,FALSE,"A",0
"F",36,3,91,56,FALSE,"A",0
"F",63,1,209,162,FALSE,"A",0
"F",45,3,114,58,FALSE,"A",0
"F",41,3,314,71,FALSE,"A",0
"F",45,3,108,13,FALSE,"A",0
"F",51,2,148,44,FALSE,"A",0
"F",62,2,286,104,FALSE,"A",0
"F",57,1,68,23,FALSE,"A",0
"F",45,4,30,30,FALSE,"A",0
"F",55,2,194,65,FALSE,"A",0
"F",42,2,30,28,FALSE,"A",0
"F",52,2,278,73,FALSE,"A",0
"F",56,1,128,85,FALSE,"A",0
"F",39,4,149,31,FALSE,"A",0
"F",49,2,165,26,FALSE,"A",0
"F",38,3,44,31,FALSE,"A",0
"F",58,2,128,115,FALSE,"A",0
"F",45,4,365,39,FALSE,"A",0
"F",45,2,247,24,FALSE,"A",1
"F",42,3,323,41,FALSE,"A",0
"F",48,2,288,27,FALSE,"A",0
"F",39,2,185,37,FALSE,"A",0
"F",44,3,170,32,FALSE,"A",0
"F",53,1,217,137,FALSE,"A",0
"F",42,3,30,30,FALSE,"A",0
"F",59,3,276,152,FALSE,"A",0
"F",51,1,358,65,FALSE,"A",0
"F",41,2,55,0,FALSE,"A",0
"F",51,2,120,57,FALSE,"A",0
"F",46,3,242,16,FALSE,"A",0
"F",43,3,235,63,FALSE,"A",1
"F",58,3,237,123,FALSE,"A",0
"F",58,2,48,11,FALSE,"A",1
"F",44,3,143,30,FALSE,"A",0
"F",62,1,331,136,FALSE,"A",0
"F",48,4,133,68,FALSE,"B",1
"F",37,3,247,23,FALSE,"B",1
"F",42,3,340,17,FALSE,"B",0
"F",39,3,213,0,FALSE,"B",0
"F",55,2,147,102,FALSE,"B",0
"F",60,2,222,114,FALSE,"B",0
"F",42,2,39,28,FALSE,"B",0
"F",57,1,102,3,FALSE,"B",1
"F",41,2,141,35,FALSE,"B",0
"F",59,2,97,86,FALSE,"B",0
"F",61,2,315,63,FALSE,"B",0
"F",55,1,30,30,FALSE,"B",0
"F",54,3,235,143,FALSE,"B",0
"F",42,3,30,28,FALSE,"B",0
"F",40,3,286,8,FALSE,"B",0
"F",40,3,30,30,FALSE,"B",0
"F",61,1,141,134,FALSE,"B",0
"F",36,2,30,27,FALSE,"B",0
"F",49,4,230,43,FALSE,"B",0
"F",48,3,234,30,FALSE,"B",0
"F",42,3,363,21,FALSE,"B",0
"F",44,2,30,28,FALSE,"B",0
"F",54,2,172,123,FALSE,"B",0
"F",42,4,153,46,FALSE,"B",0
"F",36,3,365,45,FALSE,"B",0
"F",47,3,184,47,FALSE,"B",0
"F",42,2,302,37,FALSE,"B",0
"F",44,4,286,15,FALSE,"B",0
"F",44,2,66,17,FALSE,"B",1
"F",62,2,222,123,FALSE,"B",0
"F",51,2,106,100,FALSE,"B",0
"F",57,1,95,60,FALSE,"B",0
"F",61,3,269,123,FALSE,"B",0
"F",41,3,289,24,FALSE,"B",0
"F",53,1,135,49,FALSE,"B",0
"F",50,3,140,24,FALSE,"B",0
"F",64,1,30,30,FALSE,"B",0
"F",50,3,184,26,FALSE,"B",0
"F",45,4,186,38,FALSE,"B",0
"F",59,2,107,107,FALSE,"B",0
"F",42,3,217,13,FALSE,"B",1
"F",60,1,201,49,FALSE,"B",0
"F",57,2,323,77,FALSE,"B",0
"F",50,4,216,33,FALSE,"B",0
"F",46,2,175,11,FALSE,"B",1
"F",53,2,30,30,FALSE,"B",0
"F",49,3,83,32,FALSE,"B",1
"F",46,4,102,38,FALSE,"B",0
"F",44,3,214,46,FALSE,"B",0
"F",51,1,195,95,FALSE,"B",0
"F",47,3,198,37,FALSE,"B",1
"F",44,3,102,54,FALSE,"B",0
"F",56,2,138,91,FALSE,"B",0
"F",40,3,30,30,FALSE,"B",0
"F",45,4,312,35,FALSE,"B",0
"F",60,1,137,91,FALSE,"B",0
"F",48,3,219,31,FALSE,"B",0
"F",47,3,30,19,FALSE,"B",0
"F",51,1,273,39,FALSE,"B",0
"F",41,3,228,26,FALSE,"B",0
"F",42,2,30,9,FALSE,"B",0
"F",53,2,72,72,FALSE,"B",0
"F",38,3,49,30,FALSE,"B",0
"F",58,1,119,108,FALSE,"B",1
"F",60,1,115,115,FALSE,"B",0
"F",46,3,267,38,FALSE,"B",0
"F",45,4,112,24,FALSE,"B",0
"F",41,4,30,30,FALSE,"B",0
"F",59,1,130,116,FALSE,"B",0
"F",62,1,274,79,FALSE,"B",0
"F",44,2,245,7,FALSE,"B",0
"F",61,3,233,97,FALSE,"B",1
"F",37,2,365,28,FALSE,"B",0
"F",54,1,73,73,FALSE,"B",0
"F",43,3,148,11,FALSE,"B",0
"F",40,3,132,31,FALSE,"B",0
"F",53,2,30,30,FALSE,"B",0
"F",63,2,165,47,FALSE,"B",0
"F",44,3,30,30,FALSE,"B",0
"F",48,4,82,45,FALSE,"B",1
"F",45,3,75,37,FALSE,"B",0
"F",39,3,365,53,FALSE,"B",0
"F",53,1,30,30,FALSE,"B",0
"F",39,3,293,23,FALSE,"B",0
"F",58,2,215,52,FALSE,"B",0
"F",64,2,255,93,FALSE,"B",0
"F",58,2,128,74,FALSE,"B",0
"F",51,1,323,135,FALSE,"B",0
"F",56,1,188,71,FALSE,"B",0
"F",58,3,261,85,FALSE,"B",0
"F",48,3,138,29,FALSE,"B",0
"F",53,2,262,131,FALSE,"B",0
"F",64,1,77,77,FALSE,"B",0
"F",45,3,115,30,FALSE,"B",0
"F",44,3,185,53,FALSE,"B",0
"F",41,2,30,26,FALSE,"B",0
"F",44,3,323,14,FALSE,"B",0
"F",58,3,182,58,FALSE,"B",0
"F",59,1,171,109,FALSE,"B",0
"F",39,3,275,44,FALSE,"B",1
"F",48,3,120,1,FALSE,"B",0
"F",41,3,34,13,FALSE,"B",0
"F",43,3,205,0,FALSE,"B",0
"F",42,3,277,30,FALSE,"B",0
"F",37,3,30,21,FALSE,"B",1
"F",38,4,105,0,FALSE,"B",0
"F",55,3,163,99,FALSE,"B",1
"F",48,3,195,36,FALSE,"B",0
"F",41,3,159,48,FALSE,"B",1
"F",36,3,202,47,FALSE,"B",1
"F",41,3,124,20,FALSE,"B",0
"F",45,3,234,25,FALSE,"B",1
"F",38,4,209,40,FALSE,"B",0
"F",45,3,70,35,FALSE,"B",0
"F",43,2,241,10,FALSE,"B",0
"F",41,2,188,24,FALSE,"B",0
"F",41,2,322,17,FALSE,"B",0
"F",45,3,365,22,FALSE,"B",1
"F",42,2,365,34,FALSE,"B",0
"F",60,3,303,46,FALSE,"B",0
"F",39,3,244,20,FALSE,"B",1
"F",45,3,166,21,FALSE,"B",0
"F",41,3,190,38,FALSE,"B",0
"F",51,2,93,88,FALSE,"B",0
"F",37,4,75,30,FALSE,"B",0
"F",49,3,251,23,FALSE,"B",1
"F",45,2,207,63,FALSE,"B",0
"F",50,3,266,40,FALSE,"B",0
"F",43,4,30,30,FALSE,"B",0
"F",65,1,106,3,FALSE,"B",0
"F",53,3,73,73,FALSE,"B",0
"F",50,3,346,63,FALSE,"B",0
"F",47,3,117,43,FALSE,"B",0
"F",50,4,194,32,FALSE,"B",0
"F",42,4,30,12,FALSE,"B",0
"F",40,2,30,18,FALSE,"B",0
"F",45,3,365,51,FALSE,"B",0
"F",54,1,188,53,FALSE,"B",0
"F",47,3,30,30,FALSE,"B",1
"F",44,2,63,22,FALSE,"B",0
"F",55,1,187,59,FALSE,"B",0
"F",49,3,30,29,FALSE,"B",0
"F",46,3,92,21,FALSE,"B",0
"F",58,2,249,113,FALSE,"B",1
"F",43,2,241,24,FALSE,"B",0
"F",37,3,39,3,FALSE,"B",0
"F",65,2,313,108,FALSE,"B",1
"F",57,2,150,113,FALSE,"B",0
"F",43,3,30,8,FALSE,"B",0
"F",39,3,285,21,FALSE,"B",0
"F",62,2,51,48,FALSE,"B",0
"F",37,3,253,28,FALSE,"B",0
"F",37,3,195,46,FALSE,"B",0
"F",58,3,244,65,FALSE,"B",1
"F",54,2,173,95,FALSE,"B",0
"F",43,3,143,55,FALSE,"B",0
"F",38,4,89,64,FALSE,"B",0
"F",42,2,300,29,FALSE,"B",0
"F",43,2,61,8,FALSE,"B",0
"F",56,2,175,58,FALSE,"B",0
"F",46,3,110,44,FALSE,"B",0
"F",51,2,158,102,FALSE,"B",0
"F",57,1,193,96,FALSE,"B",0
"F",63,2,244,140,FALSE,"B",0
"F",47,3,92,33,FALSE,"B",0
"F",41,2,191,37,FALSE,"B",0
"F",62,2,263,66,FALSE,"B",0
"F",47,3,197,10,FALSE,"B",0
"F",47,4,30,30,FALSE,"B",0
"F",45,3,30,23,FALSE,"B",1
"F",48,3,30,9,FALSE,"B",0
"F",56,1,215,83,FALSE,"B",0
"F",54,1,156,156,FALSE,"B",0
"F",59,1,56,56,FALSE,"B",0
"F",43,3,30,30,FALSE,"B",0
"F",51,2,157,84,FALSE,"B",0
"F",46,3,234,42,FALSE,"B",0
"F",50,2,218,47,FALSE,"B",0
"F",61,3,86,25,FALSE,"B",0
"F",65,1,258,17,FALSE,"B",0
"F",60,2,258,86,FALSE,"B",0
"F",36,3,365,7,FALSE,"B",0
"F",44,3,149,36,FALSE,"B",0
"F",45,3,266,52,FALSE,"B",0
"F",60,2,95,36,FALSE,"B",0
"F",39,3,30,30,FALSE,"B",1
"F",39,3,92,44,FALSE,"B",0
"F",39,3,264,25,FALSE,"B",0
"F",43,2,276,18,FALSE,"B",1
"F",63,2,30,30,FALSE,"B",1
"F",46,3,159,13,FALSE,"B",0
"F",56,1,37,37,FALSE,"B",0
"F",61,2,281,64,FALSE,"B",0
"F",47,3,30,30,FALSE,"B",0
"F",48,3,333,31,FALSE,"B",0
"F",53,1,97,50,FALSE,"B",0
"F",59,1,41,41,FALSE,"B",0
"F",44,3,119,47,FALSE,"B",0
"F",42,3,30,28,FALSE,"B",1
"F",46,4,69,29,FALSE,"B",1
"F",39,3,192,22,FALSE,"B",0
"F",58,2,84,57,FALSE,"B",0
"F",43,2,41,6,FALSE,"B",0
"F",48,3,108,13,FALSE,"B",0
"F",60,1,200,70,FALSE,"B",0
"F",38,2,365,29,FALSE,"B",0
"F",39,3,225,27,FALSE,"B",1
"F",59,2,256,33,FALSE,"B",0
"F",43,4,30,30,FALSE,"B",0
"F",54,1,78,78,FALSE,"B",0
"F",58,1,225,96,FALSE,"B",0
"F",40,3,182,38,FALSE,"B",1
"F",40,4,365,41,FALSE,"B",0
"F",55,1,80,80,FALSE,"B",0
"F",59,3,83,41,FALSE,"B",0
"F",48,3,365,20,FALSE,"B",0
"F",62,2,215,98,FALSE,"B",0
"F",45,2,189,38,FALSE,"B",0
"F",45,3,243,26,FALSE,"B",1
"F",59,1,363,51,FALSE,"B",0
"F",41,2,132,38,FALSE,"B",0
"F",38,3,40,27,FALSE,"B",0
"F",65,1,126,126,FALSE,"B",0
"F",42,3,188,51,FALSE,"B",0
"F",56,1,258,86,FALSE,"B",0
"F",59,2,122,75,FALSE,"B",0
"F",57,2,182,59,FALSE,"B",0
"F",43,4,145,70,FALSE,"B",0
"F",45,3,30,18,FALSE,"B",0
"F",62,1,224,73,FALSE,"B",0
"F",53,2,268,97,FALSE,"B",0
"F",50,3,30,18,FALSE,"B",1
"F",63,2,160,90,FALSE,"B",0
"F",50,3,310,18,FALSE,"B",0
"F",47,3,186,44,FALSE,"B",0
"F",40,3,174,45,FALSE,"B",1
"F",58,2,258,84,FALSE,"B",0
"F",63,2,114,82,FALSE,"B",0
"F",36,3,292,19,FALSE,"B",0
"F",41,4,143,56,FALSE,"B",0
"F",45,2,112,52,FALSE,"B",0
"F",42,4,235,28,FALSE,"B",0
"F",45,4,129,29,FALSE,"B",0
"F",51,2,108,106,FALSE,"B",0
"F",40,3,154,31,FALSE,"B",0
"F",41,4,213,27,FALSE,"B",0
"F",44,4,365,12,FALSE,"B",1
"F",42,3,268,42,FALSE,"B",0
"F",37,4,154,40,FALSE,"B",1
"F",47,4,168,10,FALSE,"B",0
"F",37,2,148,25,FALSE,"B",0
"F",44,3,365,63,FALSE,"B",0
"F",38,2,105,13,FALSE,"B",0
"F",46,3,131,15,FALSE,"B",0
"F",50,3,201,33,FALSE,"B",0
"F",65,2,164,40,FALSE,"B",0
"F",36,2,302,47,FALSE,"B",0
"F",44,3,122,34,FALSE,"B",0
"F",56,2,317,15,FALSE,"B",0
"F",39,3,261,39,FALSE,"B",1
"F",55,3,36,36,FALSE,"B",0
"F",42,2,148,44,FALSE,"B",1
"F",42,3,201,35,FALSE,"B",0
"F",36,3,354,22,FALSE,"B",0
"F",42,3,286,18,FALSE,"B",0
"F",45,3,172,39,FALSE,"B",0
"F",41,2,134,37,FALSE,"B",0
"F",64,1,92,92,FALSE,"B",1
"F",48,3,135,43,FALSE,"B",0
"F",40,2,291,49,FALSE,"B",0
"F",42,3,352,27,FALSE,"B",0
"F",38,4,239,19,FALSE,"B",0
"F",42,3,156,39,FALSE,"B",0
"F",55,1,52,52,FALSE,"B",0
"F",42,3,92,17,FALSE,"B",1
"F",55,2,153,67,FALSE,"B",0
"F",43,3,170,67,FALSE,"B",1
"F",39,4,180,29,FALSE,"B",0
"F",40,3,365,71,FALSE,"B",0
"F",59,1,40,40,FALSE,"B",0
"F",65,1,180,71,FALSE,"B",0
"F",41,3,281,60,FALSE,"B",0
"F",63,2,226,76,FALSE,"B",0
"F",60,3,363,74,FALSE,"B",0
"F",55,1,53,53,FALSE,"B",0
"F",45,3,122,23,FALSE,"B",0
"F",65,2,314,109,FALSE,"B",0
"F",57,2,179,31,FALSE,"B",0
"F",51,1,205,102,FALSE,"B",0
"F",37,3,320,30,FALSE,"B",0
"F",44,4,278,25,FALSE,"B",0
"F",61,1,30,30,FALSE,"B",0
"F",43,3,162,4,FALSE,"B",0
"F",48,3,141,10,FALSE,"B",0
"F",47,2,300,55,FALSE,"B",0
"F",49,3,203,33,FALSE,"B",0
"F",63,3,167,95,FALSE,"B",0
"F",42,2,131,6,FALSE,"B",0
"F",47,2,30,27,FALSE,"B",1
"F",42,3,220,37,FALSE,"B",0
"F",51,2,30,30,FALSE,"B",0
"F",62,2,151,7,FALSE,"B",0
"F",36,3,306,27,FALSE,"B",0
"F",47,4,324,54,FALSE,"B",0
"F",52,3,124,11,FALSE,"B",0
"F",42,2,61,27,FALSE,"B",0
"F",36,3,336,65,FALSE,"B",0
"F",60,3,275,113,FALSE,"B",1
"F",41,3,68,38,FALSE,"B",1
"F",42,2,227,28,FALSE,"B",0
"F",53,1,164,142,FALSE,"B",0
"F",43,3,30,30,FALSE,"B",0
"F",58,1,253,132,FALSE,"B",0
"F",56,2,171,105,FALSE,"B",0
"F",40,3,72,44,FALSE,"B",0
"F",58,2,122,27,FALSE,"B",0
"F",47,3,306,29,FALSE,"B",0
"F",43,4,30,30,FALSE,"B",0
"F",61,1,162,89,FALSE,"B",0
"F",60,1,90,90,FALSE,"B",0
"F",41,2,278,31,FALSE,"B",0
"F",45,2,365,17,FALSE,"B",0
"F",51,2,178,3,FALSE,"B",0
"F",55,3,187,127,FALSE,"B",0
"F",43,2,364,31,FALSE,"B",0
"F",48,3,182,32,FALSE,"B",0
"F",44,3,138,19,FALSE,"B",0
"F",44,3,254,50,FALSE,"B",0
"F",42,2,358,30,FALSE,"B",0
"F",44,3,324,32,FALSE,"B",0
"F",42,2,215,23,FALSE,"B",0
"F",44,3,238,25,FALSE,"B",0
"F",42,4,181,19,FALSE,"B",0
"F",47,3,93,13,FALSE,"B",0
"F",38,4,365,9,FALSE,"B",0
"F",57,2,246,95,FALSE,"B",0
"F",45,3,349,41,FALSE,"B",0
"F",59,2,297,83,FALSE,"B",1
"F",45,4,38,14,FALSE,"B",0
"F",53,2,150,80,FALSE,"B",0
"F",65,2,204,72,FALSE,"B",0
"F",45,2,365,53,FALSE,"B",0
"F",61,1,87,77,FALSE,"B",0
"F",41,4,221,17,FALSE,"B",1
"F",39,2,236,25,FALSE,"B",0
"F",64,2,312,87,FALSE,"B",1
"F",60,2,51,51,FALSE,"B",0
"F",37,3,30,30,FALSE,"B",0
"F",50,3,218,24,FALSE,"B",0
"F",57,1,221,112,FALSE,"B",0
"F",50,4,215,38,FALSE,"B",1
"F",41,3,139,42,FALSE,"B",0
"F",49,3,145,52,FALSE,"B",0
"F",48,2,315,32,FALSE,"B",0
"F",44,3,365,30,FALSE,"B",0
"F",47,2,156,26,FALSE,"B",0
"F",45,4,51,41,FALSE,"B",0
"F",55,2,221,43,FALSE,"B",0
"F",43,4,83,26,FALSE,"B",0
"F",60,3,312,63,FALSE,"B",0
"F",39,3,106,33,FALSE,"B",0
"F",44,4,235,13,FALSE,"B",0
"F",62,2,109,66,FALSE,"B",0
"F",61,3,212,98,FALSE,"B",0
"F",48,3,213,56,FALSE,"B",0
"F",45,2,155,54,FALSE,"B",1
"F",41,4,159,37,FALSE,"B",0
"F",42,3,162,38,FALSE,"B",0
"F",55,2,193,149,FALSE,"B",0
"F",40,3,213,26,FALSE,"B",0
"F",43,3,243,27,FALSE,"B",0
"F",62,3,328,58,FALSE,"B",0
"F",44,3,33,33,FALSE,"B",0
"F",46,3,157,41,FALSE,"B",0
"F",42,3,131,40,FALSE,"B",0
"F",45,4,30,29,FALSE,"B",0
"F",55,2,30,30,FALSE,"B",0
"F",40,3,66,39,FALSE,"B",1
"F",47,2,240,36,FALSE,"B",1
"F",58,2,363,33,FALSE,"B",0
"F",54,2,195,113,FALSE,"B",0
"F",61,2,210,79,FALSE,"B",0
"F",51,2,61,61,FALSE,"B",0
"F",43,3,30,26,FALSE,"B",1
"F",39,2,265,21,FALSE,"B",0
"F",59,2,101,101,FALSE,"B",0
"F",44,3,261,35,FALSE,"B",0
"F",52,1,41,41,FALSE,"B",1
"F",45,2,174,48,FALSE,"B",0
"F",47,3,292,61,FALSE,"B",0
"F",59,1,292,116,FALSE,"B",0
"F",46,3,285,43,FALSE,"B",0
"F",50,2,52,39,FALSE,"B",0
"F",60,2,355,15,FALSE,"B",0
"F",47,3,261,58,FALSE,"B",0
"F",44,3,30,16,FALSE,"B",0
"F",44,4,159,37,FALSE,"B",0
"F",42,4,130,25,FALSE,"B",1
"F",54,3,250,119,FALSE,"B",0
"F",47,3,263,46,FALSE,"B",0
"F",56,1,257,86,FALSE,"B",0
"F",51,2,180,114,FALSE,"B",0
"F",46,3,90,1,FALSE,"B",0
"F",50,3,178,28,FALSE,"B",1
"F",40,2,125,10,FALSE,"B",0
"F",44,3,275,38,FALSE,"B",1
"F",36,3,143,40,FALSE,"B",0
"F",45,4,338,29,FALSE,"B",0
"F",61,2,253,66,FALSE,"B",0
"F",39,4,236,38,FALSE,"B",0
"F",54,1,121,34,FALSE,"B",0
"F",58,2,165,80,FALSE,"B",0
